DATE,gdp_percent_change,inflation_percent_change,unemployment_percent_change,LongTermRate,Slope,ZeroCouponYield1Y,ZeroCouponYield10Y,Recession,Regime
1967-11-30,0.6797570128944441,0.5934718100890191,0.0006635177687808,5.78043197895,-0.72248642015,5.363020000000001,6.118563175201416,0.0,0.0
1967-12-31,0.675167514366759,0.2949852507374784,-0.0256522717049032,5.759106856600001,0.2573909139,5.4826,6.10806941986084,0.0,0.0
1968-01-31,0.670639573825782,0.2941176470588225,-0.0083099293625609,5.552207194272727,-0.4485396723181818,5.199345454545455,5.960290908813477,0.0,0.0
1968-02-29,0.556791001498147,0.2932551319648091,-0.0085348506401137,5.646273129684211,6.229295445315789,5.180384210526316,6.020003318786621,0.0,1.0
1968-03-31,0.5537080051509102,0.2923976608186995,-0.0177809388335703,5.753962177380952,19.10053265752381,5.315371428571429,6.146447658538818,0.0,1.0
1968-04-30,0.5506589623950342,0.291545189504383,-0.0267899478425793,5.666595867,12.9559016201,5.34405,6.071877479553223,0.0,1.0
1968-05-31,0.2581728536812822,0.2906976744186051,0.001029601029601,5.948643717227273,4.5141956395,5.6904,6.334317684173584,0.0,1.0
1968-06-30,0.2575080378315775,0.5797101449275477,0.019047619047619,12.4625663262,-2.3106747689,5.576040000000001,6.12237024307251,0.0,1.0
1968-07-31,0.2568466370961308,0.5763688760806795,0.001029601029601,24.962752121818184,-19.65961269090909,5.286690909090908,5.940517902374268,0.0,1.0
1968-08-31,0.1309246996750168,0.2865329512893977,-0.0275418275418275,11.117478782545454,-5.213644658181818,4.987377272727273,5.885235786437988,0.0,1.0
1968-09-30,0.130753511033399,0.2857142857142891,-0.0275418275418275,5.63725263275,0.414466364,4.99722,5.903574466705322,0.0,1.0
1968-10-31,0.130582769477483,0.5698005698005604,-0.0095238095238095,5.737690104826087,0.4469627290869565,5.054434782608696,5.990156650543213,0.0,1.0
1968-11-30,0.5214768897025657,0.2832861189801638,0.0,5.805802895111111,0.8547523343888889,5.238133333333334,6.0405802726745605,0.0,1.0
1968-12-31,0.5187716156167754,0.5649717514124353,0.0,6.096337674380953,2.859971633238095,5.662319047619048,6.445624351501465,0.0,1.0
1969-01-31,0.5160942650598299,0.2808988764045006,0.0,6.078755962727272,2.1951461581363634,5.913468181818181,6.504971981048584,0.0,1.0
1969-02-28,0.1011179820615826,0.2801120448179039,0.0,6.122056635210527,2.4068246962105264,6.088963157894737,6.59586238861084,0.0,1.0
1969-03-31,0.101015836885776,0.8379888268156499,0.0,6.1532444503,1.1774909081999998,6.18816,6.669686794281006,0.0,1.0
1969-04-30,0.1009138978673052,0.5540166204986097,0.0,6.0963759640952375,8.840670604571429,6.046809523809524,6.556940078735352,1.0,1.0
1969-05-31,0.2199841183731621,0.2754820936639257,0.0098039215686274,6.283992845095239,2.759734960952381,6.22604761904762,6.773903846740723,1.0,1.0
1969-06-30,0.2195012504824456,0.5494505494505475,0.0098039215686274,6.361536944047619,-8.74083682552381,6.906057142857143,7.0007429122924805,1.0,1.0
1969-07-31,0.2190204977510879,0.5464480874316724,0.0098039215686274,6.011909767095238,0.7079332775714287,7.431285714285714,7.250944137573242,1.0,0.0
1969-08-31,-0.1627363501168544,0.2717391304347893,0.019047619047619,5.80826704252381,1.367692124142857,7.401295238095238,7.263584613800049,1.0,0.0
1969-09-30,-0.1630016129924527,0.5420054200542035,0.019047619047619,6.550396623952381,0.7572213018095239,7.655204761904762,7.762334823608398,1.0,0.0
1969-10-31,-0.1632677420455031,0.5390835579514697,0.001029601029601,3.0578619911561264,4.250237587318182,7.4796,7.709088325500488,1.0,0.0
1969-11-30,-0.0496305712262779,0.536193029490617,-0.018018018018018,1.5665059885424557,6.287555786470588,7.710047058823529,7.686395168304443,1.0,0.0
1969-12-31,-0.0496552153933071,0.5333333333333412,0.02007722007722,2.8120868370063365,5.445338092181818,8.036804545454546,8.046098709106445,1.0,0.0
1970-01-31,-0.0496798840467493,0.5305039787798282,0.0637362637362638,3.099074572853733e-06,7.943341452047618,8.003166666666667,8.300188064575195,1.0,1.0
1970-02-28,0.0472394716725332,0.5277044854881341,0.0796092796092797,0.7909187397994395,6.4266813317222224,7.43001111111111,8.049213409423828,1.0,1.0
1970-03-31,0.0472171665325316,0.5249343832020914,0.0566655566655566,4.253143749578888,2.3052446918571428,6.817738095238096,7.527218818664551,1.0,1.0
1970-04-30,0.0471948824462886,0.5221932114882533,0.0455172846477193,4.241520281727274,2.168529901863636,6.874390909090909,7.8342204093933105,1.0,0.0
1970-05-31,0.3071557949854808,0.2597402597402709,0.0365887132191479,7.089135799809524,-0.4399891445714285,7.550890476190476,8.259366035461426,1.0,0.0
1970-06-30,0.3062152371394955,0.5181347150258864,0.0282399191560682,7.428642238681818,-0.930145417409091,7.392954545454546,8.17672348022461,1.0,0.0
1970-07-31,0.3052804219713989,0.2577319587628857,0.0204138321995465,7.418105660818182,-1.487390349181818,7.002390909090909,7.95165491104126,1.0,0.0
1970-08-31,-0.3571910577354065,0.2570694087403735,0.033077230892357,7.268334240380953,-1.0914774462380952,6.8669714285714285,7.941307544708252,1.0,0.0
1970-09-30,-0.3584714858273163,0.512820512820511,0.0324473493100944,7.444921973952381,-1.2975832475714286,6.62287619047619,7.687121391296387,1.0,0.0
1970-10-31,-0.3597611268842837,0.5102040816326481,0.050023106885852,7.267249618999999,-1.7809768797619048,6.380409523809523,7.53940486907959,1.0,0.0
1970-11-30,0.905383075279631,0.5076142131979822,0.0417146987768456,7.029172228388889,-2.491342330055556,5.509777777777778,6.970864295959473,1.0,0.0
1970-12-31,0.8972594401670086,0.5050505050504972,0.0246128975220389,6.651393108272727,-2.269761685136364,5.018427272727273,6.492863178253174,1.0,0.0
1971-01-31,0.8892802888259776,0.2512562814070307,0.0003704732796147,6.73140274685,-2.97101824365,4.498105000000001,6.492797374725342,0.0,0.0
1971-02-28,0.1802722294365955,0.0,-0.0052792442345095,6.957298175666667,-3.3458928657777776,3.844222222222222,6.271227836608887,0.0,0.0
1971-03-31,0.179947833465377,0.2506265664160345,9.416195856874292e-05,7.184595752826087,-4.264173012434783,3.5693652173913044,5.760761260986328,0.0,0.0
1971-04-30,0.1796246028841208,0.2499999999999946,9.416195856874292e-05,6.694320395571429,-3.3603750600476188,4.263538095238095,6.250411033630371,0.0,0.0
1971-05-31,0.27414894181359,0.4987531172069737,-0.0055555555555555,6.7552137176,-3.0718785085,4.94416,6.732254981994629,0.0,0.0
1971-06-30,0.2733994201961964,0.496277915632759,0.0056497175141242,6.882981622181817,-2.5120528729545453,5.455259090909091,6.974423885345459,0.0,0.0
1971-07-31,0.2726539857799359,0.2469135802469102,0.0112052730696798,7.032535475904762,-2.575571424,5.934204761904762,7.288658618927002,0.0,0.0
1971-08-31,0.0782882137094098,0.246305418719217,0.0057407921953629,6.757113045227272,-2.1248069329545456,5.705390909090909,6.313608333333334,0.0,0.0
1971-09-30,0.0782269712110261,0.245700245700231,-0.0110200364298724,6.36114271947619,-1.7559337562380952,5.284209523809524,6.193338095238095,0.0,0.0
1971-10-31,0.078165824454035,0.2450980392156854,-0.0050813391118647,5.738821336315789,-1.0965396002105263,4.780031578947368,5.946810526315789,0.0,0.0
1971-11-30,0.6124053039890942,0.2444987775061191,0.0003831417624521,6.23696636265,-2.05397441495,4.54497,5.954865,0.0,0.0
1971-12-31,0.6086777292906964,0.2439024390243904,0.0003831417624521,6.506689828545455,-2.4967184815454546,4.539831818181818,6.041486363636364,0.0,0.0
1972-01-31,0.6049952578926598,0.2433090024331008,-0.0168582375478926,6.537874166809523,-3.2334185230952377,4.173266666666667,6.048852380952381,0.0,0.0
1972-02-29,0.7564291685848046,0.4854368932038833,-0.0110102843315184,6.5515377604000005,-3.6156820993,4.1414,6.13178,0.0,0.0
1972-03-31,0.7507502745250694,0.0,-0.0056462996571889,6.449733924409091,-3.040576751227273,4.591809090909091,6.151959090909091,0.0,0.0
1972-04-30,0.7451560137065272,0.2415458937198078,0.0001008267795926,6.483894031449999,-2.9755175579,4.894665,6.282555,0.0,0.0
1972-05-31,0.3146965438584059,0.2409638554216941,-0.0057471264367815,6.4734612315909095,-2.901794924909091,4.583386363636364,6.15115,0.0,0.0
1972-06-30,0.3137093114973677,0.2403846153846256,-0.0058479532163742,6.419057142636363,-2.3746617087727278,4.840240909090909,6.141986363636364,0.0,0.0
1972-07-31,0.3127282538453624,0.2398081534771945,-0.0058479532163742,6.27733298055,-2.6440577907,4.92825,6.10379,0.0,0.0
1972-08-31,0.5581452833266942,0.2392344497607723,-0.0118003341687552,6.446556869913043,-2.467867637086957,4.941769565217392,6.223552173913043,0.0,0.0
1972-09-30,0.5550473129293465,0.4773269689737569,0.000108225108225,6.648090347999999,-1.9373179125,5.39841,6.442995000000001,0.0,0.0
1972-10-31,0.5519835431055276,0.2375296912114022,-0.0177489177489177,6.4402188165,-2.0274894347,5.43736,6.313535,0.0,0.0
1972-11-30,0.8249805769519059,0.4739336492890933,-0.0180858449726373,6.3739012699,-1.9324714623,5.293705,6.22528,0.0,0.0
1972-12-31,0.8182303356084386,0.2358490566037874,-0.0433772202640126,6.3875396338,-1.56181715625,5.451735,6.248749999999999,0.0,0.0
1973-01-31,0.8115896627868269,0.4705882352941337,-0.0187173563184344,6.373666229318181,-1.1246517212272726,5.875877272727272,6.31495,0.0,0.0
1973-02-28,0.3629144780220139,0.7025761124121788,-0.0190947148090004,6.421661973666667,-0.8079114967222222,6.181072222222222,6.484883333333333,0.0,0.0
1973-03-31,0.3616021713891859,0.930232558139532,0.0069387755102041,6.387284237727273,0.0213581293636363,6.754313636363636,6.555772727272728,0.0,0.0
1973-04-30,0.3602993212201477,0.691244239631339,-0.0065306122448978,6.4738270909,-0.29718550365,6.754099999999999,6.5256,0.0,0.0
1973-05-31,-0.1752794429460857,0.4576659038901587,0.0001360544217687,6.612223761409092,-4.3305599928181815,6.817409090909091,6.639895454545454,0.0,1.0
1973-06-30,-0.1755872112318313,0.6833712984054774,-0.013469387755102,6.519340202285714,-18.93661883380953,7.118204761904762,6.580452380952382,0.0,1.0
1973-07-31,-0.1758960622221361,0.0,-0.0068027210884354,6.767792897904762,-10.548352190285714,8.253557142857144,6.934319047619048,0.0,1.0
1973-08-31,0.316410280231838,1.8099547511312155,-0.0068027210884354,6.928862778000001,2.5266029486956523,8.529,7.126378260869565,0.0,1.0
1973-09-30,0.3154122833422201,0.4444444444444473,-0.0138888888888889,7.12333533663158,2.388865401473684,8.063831578947369,6.89728947368421,0.0,1.0
1973-10-31,0.31442056226747,0.8849557522123908,0.0006038647342994,6.845178104285715,1.1095250601904765,7.152314285714286,6.682071428571429,1.0,1.0
1973-11-30,-0.2865684216048936,0.6578947368421018,0.0075483091787439,6.563506997499999,-1.21448698845,7.397320000000001,6.648025,1.0,1.0
1973-12-31,-0.2873919963125582,0.8714596949890963,0.0350426402445035,6.600500275157895,-2.8965682758421054,7.1648578947368415,6.613084210526316,1.0,1.0
1974-01-31,-0.2882203184394805,1.0799136069114423,0.0270858343337335,6.878242513772728,1.8018007422727276,7.290395454545455,6.836600000000001,1.0,1.0
1974-02-28,0.079232336896351,1.0683760683760646,0.0137311334790325,6.999851133722222,1.2196392407222223,6.766677777777778,6.8674,1.0,1.0
1974-03-31,0.0791696089650573,1.0570824524312794,0.0001256913021618,7.083769472333333,2.595516542047619,7.576233333333333,7.114304761904761,1.0,1.0
1974-04-30,0.0791069802781097,0.6276150627615218,-0.0064102564102564,7.378530740095238,2.1373174192380957,8.39352380952381,7.505276190476191,1.0,1.0
1974-05-31,-0.3150924615002548,1.039501039501034,0.0196078431372549,7.305933410181819,1.9214961039545453,8.550849999999999,7.623609090909091,1.0,1.0
1974-06-30,-0.3160884323221924,0.8230452674897082,0.0257806826434277,7.47463505925,1.6895101165500002,8.402435,7.626349999999999,1.0,1.0
1974-07-31,-0.3170907194061878,0.6122448979591688,0.0257806826434277,2.7410552006589253,5.9394382501818175,8.482036363636364,7.692672727272727,1.0,1.0
1974-08-31,-0.1294685907348824,1.2170385395537495,0.030415263748597,7.260505190634809,2.414388798818182,9.063840909090908,8.087518181818181,1.0,1.0
1974-09-30,-0.1296364291928475,1.4028056112224574,0.0298921417565485,7.9401212081,0.073527033,8.625505,8.01654,1.0,1.0
1974-10-31,-0.1298047033752136,0.7905138339920903,0.0632254750898818,0.7106487180879799,7.088843069454546,7.870122727272727,7.556436363636364,1.0,1.0
1974-11-30,-0.405878110429525,0.9803921568627416,0.0692860811504879,0.2808436961375685,7.151387188777777,7.456355555555556,7.389761111111111,1.0,1.0
1974-12-31,-0.4075321943995624,0.7766990291262044,0.1053030303030303,7.254646466095238,1.6583711155238094,7.108109523809524,7.195057142857143,1.0,1.0
1975-01-31,-0.4091998153866738,0.7707129094412402,0.071969696969697,7.326093840636363,1.0164894889090907,6.698327272727273,7.250345454545454,1.0,1.0
1975-02-28,0.2382337298113324,0.5736137667304186,0.0622427983539094,7.464152171499999,-1.0389704595,5.897722222222223,7.196072222222223,1.0,1.0
1975-03-31,0.2376675256005489,0.3802281368821214,0.0283280696717389,7.5824354713,-1.1806563451,5.981425,7.327325,1.0,1.0
1975-04-30,0.2371040063754881,0.3787878787878895,0.0359038272474965,7.949630469727273,0.143819266090909,6.788372727272727,7.828072727272727,0.0,1.0
1975-05-31,0.5706815387444664,0.1886792452830299,0.0079202881528463,7.933397429380952,-2.012097846380952,6.27484761904762,7.727180952380952,0.0,0.0
1975-06-30,0.5674432449029432,0.7532956685499137,-0.0074074074074074,7.763053688952381,-2.261480716142857,6.192709523809524,7.559966666666666,0.0,0.0
1975-07-31,0.5642414946565921,0.9345794392523256,-0.022735102967661,7.612285866045454,-1.5156552021363636,6.976399999999999,7.661449999999999,0.0,0.0
1975-08-31,0.4490309651325352,0.3703703703703764,-0.0153276955602537,7.867882223,-1.5917414056190478,7.471857142857142,7.9326952380952385,0.0,0.0
1975-09-30,0.4470236903414193,0.7380073800737907,-0.0077519379844961,7.935339855380952,-1.5152677911904762,7.501457142857142,8.046866666666668,0.0,0.0
1975-10-31,0.4450342816721964,0.5494505494505475,-0.0039682539682539,8.01880728359091,-2.116945863,6.8691818181818185,7.932468181818181,0.0,0.0
1975-11-30,0.7498225410823567,0.7285974499089187,-0.0079843182252821,8.107223705000001,-2.612609548058824,6.436776470588235,7.873382352941176,0.0,0.0
1975-12-31,0.744242046457777,0.5424954792043524,-0.0201794401765016,7.974016058999999,-2.5301961489545453,6.527340909090909,7.777627272727273,0.0,0.0
1976-01-31,0.7387440029720027,0.3597122302158251,-0.0246500047736485,7.900242691809524,-2.5172384033333333,5.75544761904762,7.605785714285714,0.0,0.0
1976-02-29,0.2444580125599449,0.1792114695340574,-0.0249629448456247,7.885324822777777,-2.7550081049444444,5.86505,7.608066666666667,0.0,0.0
1976-03-31,0.2438618726726016,0.1788908765653074,-0.0083818579821244,7.802810649826086,-2.817388272652173,6.139452173913043,7.57465652173913,0.0,0.0
1976-04-30,0.2432686332279887,0.1785714285714279,-0.0129300524037366,7.745518494666666,-2.9607734926666667,5.831919047619048,7.439519047619047,0.0,0.0
1976-05-31,0.1824691949142032,0.5347593582887722,0.0004079609342767,7.86880873275,-2.7203178024500003,6.352885,7.660349999999999,0.0,0.0
1976-06-30,0.1821368512680443,0.5319148936170359,0.0047939258465574,7.849757109045455,-2.4084681741818184,6.453286363636363,7.6516863636363635,0.0,0.0
1976-07-31,0.1818057160613895,0.5291005291005346,0.0177809388335704,7.924439469904762,-2.683529872095238,6.200857142857142,7.644409523809524,0.0,0.0
1976-08-31,0.24086785705828,0.5263157894736858,0.0002249212775528,7.966357714318182,-2.7655442310909093,6.0083,7.587827272727273,0.0,0.0
1976-09-30,0.2402890779055866,0.523560209424101,-0.0041610436347278,7.936741108857143,-2.812526549047619,5.838480952380952,7.478571428571429,0.0,0.0
1976-10-31,0.2397130735714903,0.5208333333333259,0.0001679606942764,8.221270056849999,-3.17283618565,5.54031,7.370665,0.0,0.0
1976-11-30,0.3954110492808693,0.3454231433505983,0.008714969241285,8.253920657315788,-3.437122458052632,5.348394736842105,7.237036842105263,0.0,0.0
1976-12-31,0.3938537082006643,0.5163511187607606,-0.0084915084915085,7.830285453727272,-3.3789965346818183,4.949390909090909,6.840568181818182,0.0,0.0
1977-01-31,0.3923085862859832,0.5136986301369939,-0.0083760683760684,7.501186212571428,-2.7291289142380952,5.390871428571428,7.071190476190476,0.0,0.0
1977-02-28,0.6473078406498134,1.0221465076660996,-0.0171479982006297,7.685200219052632,-2.9810046790526314,5.5177,7.257547368421053,0.0,0.0
1977-03-31,0.6431447144862323,0.5059021922428464,-0.0133364943891259,7.808509307913043,-3.14342825073913,5.491843478260869,7.333852173913043,0.0,0.0
1977-04-30,0.6390347959722043,0.6711409395973034,-0.0270401980928296,7.848640610299999,-3.27242993105,5.368995,7.278364999999999,0.0,0.0
1977-05-31,0.6010549907385476,0.333333333333341,-0.0087444587444587,7.947544386,-2.7733882793809523,5.753628571428571,7.379190476190476,0.0,0.0
1977-06-30,0.5974639041249397,0.4983388704318914,-0.0136243386243385,7.958688112636364,-2.709336147318182,5.692172727272728,7.239977272727272,0.0,0.0
1977-07-31,0.5939154735494778,0.4958677685950263,0.0004658385093167,7.823675308,-2.4462263237894737,5.826099999999999,7.247000000000001,0.0,0.0
1977-08-31,0.0006642598809003,0.4934210526315929,-0.0185817805383023,7.614105539130435,-1.7462913172173913,6.237717391304348,7.262573913043478,0.0,0.0
1977-09-30,0.0006642554685187,0.3273322422258529,-0.0046928916494134,7.632442772285714,-1.4721031544285714,6.401123809523809,7.240671428571429,0.0,0.0
1977-10-31,0.0006642510562038,0.4893964110930016,-0.0095238095238095,7.6111842407,-0.98932819055,6.83104,7.38775,0.0,0.0
1977-11-30,0.1066140465236342,0.6493506493506551,-0.0196078431372548,7.667416220157896,-1.0723931189473683,6.818952631578948,7.443373684210527,0.0,0.0
1977-12-31,0.1065005020288722,0.4838709677419395,-0.0196078431372548,7.790324444571429,-1.292661887666667,6.811252380952381,7.5716,0.0,0.0
1978-01-31,0.1063871991276999,0.6420545746388617,-0.0248161764705882,8.029794013650001,-1.1674940207,7.14457,7.836724999999999,0.0,0.0
1978-02-28,1.288257561266537,0.4784688995215225,-0.0052083333333333,8.102536537111112,-1.2736878845,7.169250000000001,7.905805555555555,0.0,0.0
1978-03-31,1.2718725667556274,0.6349206349206327,-0.0157903439153439,8.044372131954546,-1.3657150709090908,7.1374545454545455,7.889081818181818,0.0,0.0
1978-04-30,1.2558991302518363,0.7886435331230235,-0.0160464914563274,8.0633422703,-1.39116893725,7.309310000000001,7.959975,0.0,0.0
1978-05-31,0.335249584922348,0.938967136150226,-0.021602047011883,8.128883785095237,-1.5589654125714285,7.634080952380952,8.076152380952381,0.0,0.0
1978-06-30,0.3341294174372677,0.7751937984496138,0.0059291161125003,8.266574984681817,-1.1771618004545454,7.908177272727273,8.229759090909091,0.0,0.0
1978-07-31,0.3330167106420312,0.7692307692307665,-0.0047354352712472,8.42477590035,-1.335197199,8.21678,8.406270000000001,0.0,0.0
1978-08-31,0.4480418069500169,0.6106870229007688,0.0064698377984326,8.15930459721739,-1.1445495129130434,8.111126086956522,8.162421739130435,0.0,0.0
1978-09-30,0.4460433462815549,0.9104704097116834,-0.0215904258550513,8.1388303547,-0.75202476955,8.415205,8.171420000000001,0.0,1.0
1978-10-31,0.4440626344472731,0.9022556390977376,0.0002857328397948,8.279236742761904,-0.7352351511428571,8.847395238095238,8.343080952380953,0.0,1.0
1978-11-30,0.059864604596993,0.5961251862891315,0.0002857328397948,8.26446184365,0.30311589995,9.69266,8.450795,0.0,1.0
1978-12-31,0.059828788329419,0.5925925925926112,0.0058412883953504,8.4315747999,0.6843133083999999,9.929035,8.652595,0.0,1.0
1979-01-31,0.0597930148930947,0.8836524300441795,9.416195856874292e-05,8.489428460636363,0.6840596522727272,10.11294090909091,8.738504545454544,0.0,1.0
1979-02-28,0.0355817627418098,1.0218978102189746,-0.0112052730696798,8.556790090611111,0.6771859917222223,9.801511111111113,8.719027777777777,0.0,1.0
1979-03-31,0.0355691066266761,1.0115606936416333,-0.0056497175141243,8.6061160425,0.9531604393181818,9.813040909090908,8.776295454545455,0.0,1.0
1979-04-30,0.0355564595116764,1.0014306151645114,-0.0171439703876875,8.6851406121,1.08628518955,9.702615,8.84477,1.0,1.0
1979-05-31,0.2476015625481498,1.1331444759207,-0.0055418719211822,8.730445183999999,1.1239157834285716,9.759609523809525,8.874990476190476,1.0,1.0
1979-06-30,0.2469900114205447,1.1204481792717047,-0.0055418719211822,8.516962972285715,0.4484117935238095,9.188871428571428,8.590357142857144,1.0,1.0
1979-07-31,0.2463814737902803,1.1080332409972191,0.0234962406015037,8.51938334247619,-2.5412373275714284,9.1577,8.58425238095238,1.0,1.0
1979-08-31,0.0833483898313947,0.9589041095890538,0.0119883040935672,8.595388013217391,1.1727549390434782,9.536008695652177,8.698391304347826,1.0,1.0
1979-09-30,0.0832789781440412,0.9497964721845388,0.0176380216076915,8.779448497578947,1.1922289427894737,10.466589473684207,8.971894736842106,1.0,1.0
1979-10-31,0.0832096819711747,1.0752688172043,-0.0054613935969867,9.498964098772728,2.6393946477727277,11.79193181818182,9.84435,1.0,1.0
1979-11-30,0.1048570513087598,1.0638297872340496,0.005743879472693,10.054071319421054,2.9047046884736845,11.832684210526317,10.178863157894735,1.0,1.0
1979-12-31,0.1047472164662499,1.1842105263157876,0.0167608286252354,10.2038016645,3.06224116395,11.58164,9.992945,1.0,1.0
1980-01-31,0.1046376114808511,1.4304291287386084,0.0223163841807909,10.612657758681818,2.3070410994545454,11.660704545454546,10.439463636363636,1.0,1.0
1980-02-29,-0.6868116213858522,1.2820512820512775,0.0166666666666666,12.43828269473684,0.5883109664736842,13.128368421052633,11.858747368421051,1.0,1.0
1980-03-31,-0.6915613450728331,1.3924050632911245,0.0317460317460317,14.460499492857144,1.7411746519523807,15.13714761904762,11.92717619047619,1.0,1.0
1980-04-30,-0.6963772207474017,0.998751560549338,0.0607315389924085,11.689399497619048,3.4726718037619047,12.8871,11.01247619047619,1.0,1.0
1980-05-31,-0.0396182499294073,0.9888751545117368,0.0651759834368529,11.229448562857144,-2.0582454704285715,9.220828571428571,10.082938095238095,1.0,1.0
1980-06-30,-0.0396339522076405,0.9791921664626724,0.0422018815153826,14.441775867619048,-7.048815878190476,8.14792857142857,9.582857142857144,1.0,1.0
1980-07-31,-0.0396496669376911,0.1212121212121219,0.0089428699955015,24.279089304090917,-16.157595512772726,8.585227272727273,9.97884090909091,0.0,1.0
1980-08-31,0.6216411067155425,0.7263922518159882,-0.0041595831069514,13.687246015714283,-4.571719898761905,9.969152380952382,10.79139523809524,0.0,1.0
1980-09-30,0.6178006042022899,0.8413461538461675,-0.0129315129315129,13.29186312809524,-2.786282880190476,11.128142857142857,11.173661904761904,0.0,1.0
1980-10-31,0.6140072636177996,0.953516090584028,-0.0086580086580086,12.54460685409091,-0.5666495964090908,11.91596818181818,11.413586363636364,0.0,1.0
1980-11-30,0.6531407368951303,1.0625737898465104,-0.0133333333333333,11.881383875294118,3.434475709176471,13.430764705882352,12.080988235294118,0.0,1.0
1980-12-31,0.6489024903876706,0.9345794392523477,0.0005555555555556,11.773322098636363,13.156660381045452,14.204554545454544,12.11960909090909,0.0,1.0
1981-01-31,0.6447188934321835,0.92592592592593,-0.0038888888888888,11.759074942857143,6.492538279714286,13.3566,11.916995238095238,0.0,1.0
1981-02-28,-0.2470252355693092,0.917431192660545,0.0094444444444444,12.420780562222223,-0.850545009111111,13.714333333333334,12.536583333333333,0.0,1.0
1981-03-31,-0.2476369613564455,0.6818181818181834,-0.0134534534534534,12.610735161818182,1.340442560772727,13.080186363636365,12.657663636363637,0.0,1.0
1981-04-30,-0.2482517243832416,0.5643340857787837,0.0048798798798798,12.824386393809524,0.1483769387142857,13.570280952380951,13.03502380952381,1.0,1.0
1981-05-31,0.3991673583211286,0.6734006734006925,0.0048798798798798,12.860164992,7.3783349758,15.33173,13.247495,1.0,1.0
1981-06-30,0.3975803473514006,0.8918617614269708,0.0005555555555556,12.317473561818185,5.369474531363637,14.169004545454545,12.652436363636363,1.0,1.0
1981-07-31,0.3960059056960174,1.104972375690605,-0.004074074074074,12.85118078909091,4.236820997727272,14.963577272727273,13.333745454545454,1.0,1.0
1981-08-31,-0.3631989105411848,0.7650273224043769,0.0049349349349349,13.275537975238096,3.6918887513809526,15.841995238095237,13.867009523809523,1.0,1.0
1981-09-30,-0.3645228535740452,0.9761388286333884,0.0314261630051104,14.020914105238097,1.0818932297619046,15.814128571428572,14.405938095238096,1.0,1.0
1981-10-31,-0.3658564840697487,0.3222341568206444,0.0390445408766528,14.856156474285717,-1.1802704167142857,14.744795238095238,14.37107142857143,1.0,1.0
1981-11-30,-0.5178815474995324,0.4282655246252487,0.0380676603816999,16.13949862333333,-4.525844973277778,12.200388888888888,12.860327777777778,1.0,1.0
1981-12-31,-0.5205775224286224,0.3198294243070387,0.0288313342723088,13.527312010909093,-2.581749236636364,12.500386363636364,13.153159090909092,1.0,1.0
1982-01-31,-0.523301713523705,0.3188097768331621,0.0235816041182513,14.208681875,-1.8086920927,13.820939999999998,14.01096,1.0,1.0
1982-02-28,0.1520590428253143,0.3177966101694851,0.0192947939562551,14.906428301111111,-0.6964487428888888,14.217833333333331,13.785538888888889,1.0,1.0
1982-03-31,0.1518281743566385,0.0,0.0264843364399152,13.413272703478262,-0.1434446805652174,13.484821739130432,13.152817391304348,1.0,1.0
1982-04-30,0.1515980058719668,0.316789862724387,0.018440658853852,12.751897204285717,0.6064873673809524,13.619366666666668,13.041404761904763,1.0,1.0
1982-05-31,-0.1274222785956014,0.94736842105263,0.0217875390833524,12.7361548415,-0.3599215513,13.081355,12.905,1.0,1.0
1982-06-30,-0.1275848501187781,1.147028154327412,0.0176208724166857,13.390275005,-0.6883294547727273,13.63079090909091,13.549772727272728,1.0,1.0
1982-07-31,-0.1277478370051432,0.5154639175257714,0.0140366430260047,13.087552542857145,-1.802570224,13.051342857142856,13.245280952380952,0.0,1.0
1982-08-31,0.0133362626541622,0.2051282051282132,0.0171485260770975,12.60327244,-5.761424765272728,11.435104545454546,12.502545454545452,0.0,1.0
1982-09-30,0.0133344843322946,0.0,0.0201050717316629,11.908649611428572,-6.230699259857143,10.93632380952381,11.860880952380953,0.0,1.0
1982-10-31,0.0133327064846477,0.4094165813715467,0.0329255845521757,11.064108308,-12.3689078225,9.502745,10.88914,0.0,1.0
1982-11-30,0.4392634700458586,-0.1019367991844988,0.0227215029195227,10.72663964,-2.7294878421578948,9.185947368421052,10.550773684210526,0.0,1.0
1982-12-31,0.4373423847108038,-0.3061224489795844,0.0004748338081671,23.07362458772727,-15.025629628045454,8.958390909090909,10.567236363636365,0.0,1.0
1983-01-31,0.4354380296480054,0.2047082906857733,-0.0123456790123456,24.999998540952383,-17.123653967142857,8.68717619047619,10.574014285714286,0.0,1.0
1983-02-28,0.7585067484533248,0.1021450459652628,-0.0155508072174738,24.999997366842106,-16.855892831052632,8.968194736842106,10.764768421052633,0.0,1.0
1983-03-31,0.7527967344206132,0.1020408163265207,-0.0064413741598207,24.99999712043478,-16.741509559565216,8.955082608695653,10.528882608695652,0.0,1.0
1983-04-30,0.747172047645428,0.7135575942915473,-0.0097093480160299,24.9999913655,-16.6836565675,8.93256,10.42198,0.0,1.0
1983-05-31,0.6663182028144199,0.4048582995951566,-0.0065042198109017,24.99998788904762,-16.859823013809525,8.78322380952381,10.424019047619048,0.0,1.0
1983-06-30,0.6619077907189963,0.2016129032258007,-0.0263702840872322,24.99862411590909,-16.134300919545453,9.48385,10.80169090909091,0.0,1.0
1983-07-31,0.6575553804276657,0.4024144869215096,-0.0195562109402429,13.630515659,-4.5727803915,9.934155,11.326155,0.0,0.0
1983-08-31,0.6953942094295229,0.3006012024048043,-0.0300825267297166,11.978786946956523,-2.7362111142173915,10.287,11.695034782608696,0.0,0.0
1983-09-30,0.6905918735301997,0.2997002997003006,-0.0214729701218819,11.696142917619047,-2.715233229095238,9.93152380952381,11.532642857142855,0.0,0.0
1983-10-31,0.68585541179218,0.3984063745019917,-0.0363827057762984,11.7230876835,-3.1217394692,9.624125,11.459875,0.0,0.0
1983-11-30,0.6515967807304568,0.2976190476190465,-0.0336995272417266,11.74080756263158,-2.998848206631579,9.679542105263158,11.547747368421051,0.0,0.0
1983-12-31,0.6473784833736618,0.2967359050445317,-0.0312549663896227,11.857528455714284,-2.6825915384761907,9.935742857142856,11.656680952380952,0.0,0.0
1984-01-31,0.6432144514132654,0.6903353057199135,-0.0282246633593196,11.648502734761903,-2.658514126095238,9.789595238095238,11.507509523809524,0.0,0.0
1984-02-29,0.5759205288331515,0.4897159647404558,-0.0203815261044177,11.83454627736842,-2.596701009578948,9.870121052631578,11.631215789473684,0.0,0.0
1984-03-31,0.5726226772819087,0.2923976608187217,-0.0126068376068375,11.951671120454543,-2.276682134409091,10.40155909090909,12.110427272727271,0.0,0.0
1984-04-30,0.569362379182814,0.3887269193391551,-0.0172605172605172,12.032614687,-2.11684765435,10.72923,12.38611,0.0,0.0
1984-05-31,0.3213366822981456,0.1936108422071703,-0.0262695262695262,13.113762543636364,-2.903418017,11.370804545454543,13.086359090909092,0.0,0.0
1984-06-30,0.3203074170710085,0.1932367149758418,-0.0081071331071331,13.389889463809524,-3.574689891238095,11.814833333333334,13.221409523809523,0.0,0.0
1984-07-31,0.3192847244170904,0.3857280617164837,0.0048798798798798,13.210098581428571,-3.4800242484761905,11.831595238095238,13.031623809523811,0.0,0.0
1984-08-31,0.2735909816036663,0.2881844380403509,0.005,12.439526270434785,-2.070657003565217,11.559804347826086,12.374421739130437,0.0,0.0
1984-09-30,0.2728445036479066,0.2873563218390718,-0.0043226788432267,11.93277886631579,-1.3761711598421054,11.404431578947367,12.121552631578949,0.0,0.0
1984-10-31,0.2721020880563252,0.3820439350525229,-0.0133316878522358,11.729260887727271,-1.9268891564090909,10.798618181818185,11.802572727272729,0.0,0.0
1984-11-30,0.3229930758466892,0.1902949571836343,0.0001868306662827,12.065960625263155,-3.433729049421052,9.777936842105262,11.393373684210523,0.0,0.0
1984-12-31,0.3219531893376759,0.1899335232668608,-0.0043793793793794,11.9197694275,-3.78904396195,9.311815,11.398515,0.0,0.0
1985-01-31,0.320919977235734,0.1895734597156417,6.341958396753149e-05,12.463598215714285,-4.836010452285715,9.002838095238095,11.332842857142856,0.0,0.0
1985-02-28,0.2934911909393101,0.5676442762535316,-0.004566210045662,19.786917243888887,-11.516585182388887,9.284583333333334,11.393516666666669,0.0,0.0
1985-03-31,0.2926323407972164,0.470366886171214,6.341958396753149e-05,13.190051515238094,-4.400461467571429,9.827704761904762,11.735614285714286,0.0,0.0
1985-04-30,0.2917785025353225,0.1872659176030078,6.341958396753149e-05,12.103242055714285,-4.160528195095238,9.158942857142858,11.40882380952381,0.0,0.0
1985-05-31,0.5090904742895974,0.1869158878504695,0.0093226788432268,12.16202701409091,-4.845480969181818,8.50838181818182,10.91225909090909,0.0,0.0
1985-06-30,0.5065118706051752,0.2798507462686617,0.0046930492135972,24.0862054925,-17.25578589505,7.841880000000001,10.23991,0.0,1.0
1985-07-31,0.5039592571447482,0.1860465116279019,-0.0042542542542542,24.69322129590909,-17.80238058272727,7.91205,10.402527272727273,0.0,1.0
1985-08-31,0.2478163815740064,0.185701021355622,-0.0135135135135135,18.44871343954545,-11.52257953531818,8.042986363636365,10.453240909090908,0.0,0.0
1985-09-30,0.2472037701357399,0.1853568118628246,-0.0135135135135135,15.39139511789474,-8.473984187210528,8.059773684210526,10.5124,0.0,0.0
1985-10-31,0.246594180025772,0.3700277520814143,-0.0046948356807511,18.095903576818184,-11.0339079935,8.043431818181817,10.382545454545454,0.0,0.0
1985-11-30,0.3112492099463626,0.4608294930875667,-0.0046948356807511,15.398717534210526,-8.288034075210527,7.87407894736842,9.945257894736844,0.0,0.0
1985-12-31,0.3102834551436562,0.4587155963302836,-0.0189805499664654,10.958614038095238,-3.7909305294761904,7.683371428571428,9.469557142857145,0.0,0.0
1986-01-31,0.3093236749574179,0.3652968036529813,0.0105899076048329,10.967795536666667,-3.707884349333333,7.73692380952381,9.365566666666666,0.0,0.0
1986-02-28,0.1500987850940216,-0.1819836214740688,0.0105899076048329,10.243106315315789,-3.002751339263158,7.611647368421052,8.915115789473685,0.0,0.0
1986-03-31,0.1498738263015608,-0.5469462169553352,0.0202459922609176,9.110566682,-2.32344443485,7.05676,7.974785,0.0,0.0
1986-04-30,0.1496495408087161,-0.3666361136571927,6.520605112151727e-05,8.273664837318181,-2.1248453076818183,6.525063636363637,7.479622727272727,0.0,0.0
1986-05-31,0.3188893455450037,0.2759889604415866,6.520605112151727e-05,8.59695128947619,-2.614977087619048,6.707761904761905,7.9462,0.0,0.0
1986-06-30,0.3178756738889232,0.3669724770642313,-0.004564423578508,8.926212442857143,-2.840749456809524,6.828661904761906,8.143657142857142,0.0,0.0
1986-07-31,0.3168684262436327,0.0914076782449591,-0.014021164021164,8.7156980015,-2.9599782247727275,6.355031818181818,7.741413636363637,0.0,0.0
1986-08-31,0.1787976265358981,0.0913242009132453,-0.0091902461467679,8.66580838047619,-3.216636150047619,5.978247619047619,7.579971428571429,0.0,0.0
1986-09-30,0.1784785111939912,0.3649635036496512,6.901311249133772e-05,9.278220348619048,-4.199120681904762,5.849290476190476,7.905733333333333,0.0,0.0
1986-10-31,0.1781605329272961,0.1818181818181941,6.901311249133772e-05,9.188837832590908,-3.973069283227273,5.808286363636364,7.864727272727273,0.0,0.0
1986-11-30,0.2472816451392967,0.1814882032667997,-0.0192546583850931,8.822444523166666,-3.4922630035555557,5.827661111111111,7.648344444444444,0.0,0.0
1986-12-31,0.2466716713722228,0.3623188405797117,-0.0192546583850931,8.741533670863637,-3.203121186954545,5.937445454545454,7.459518181818182,0.0,0.0
1987-01-31,0.2460646994654203,0.5415162454873723,-0.0144927536231884,8.5910771692,-3.0725140818,5.90662,7.39143,0.0,0.0
1987-02-28,0.3593925479933535,0.3590664272890453,0.0,8.638212561789473,-2.8524376323684213,6.103563157894737,7.483631578947368,0.0,0.0
1987-03-31,0.3581055433565572,0.3577817531305927,-0.0151515151515151,8.501599364318182,-2.737415829590909,6.121436363636364,7.430540909090909,0.0,0.0
1987-04-30,0.3568277234984984,0.4456327985739694,-0.0151515151515151,8.987985986952381,-3.257044838428572,6.603652380952381,8.156680952380952,0.0,0.0
1987-05-31,0.2890593417162135,0.2661934338952898,-0.0204425204425204,9.21835119935,-3.6008610086,7.164655000000001,8.682705,0.0,0.0
1987-06-30,0.2882261969686217,0.4424778761061843,-0.0106673493770268,9.11579059531818,-3.279700233,6.992518181818181,8.502472727272727,0.0,0.0
1987-07-31,0.2873978411010336,0.2643171806167466,-0.0161318302513437,9.309263726727274,-3.4094973336363634,6.777509090909091,8.566890909090908,0.0,0.0
1987-08-31,0.5723189548510144,0.4393673110720586,-0.0163963805158939,9.601879914333333,-3.528259197047619,6.999680952380952,8.823285714285714,0.0,0.0
1987-09-30,0.5690621045617572,0.3499562554680757,-0.0053703189157481,10.168728314428572,-3.7027430348571433,7.676619047619048,9.450333333333331,0.0,0.0
1987-10-31,0.5658421115333434,0.2615518744550904,-0.0110169491525423,9.979611847285716,-3.332499077380952,7.760138095238095,9.51547619047619,0.0,0.0
1987-11-30,0.1722941801694189,0.3478260869565375,-0.0112085200337684,9.424128271894736,-3.5525371340526317,7.0772894736842105,8.911536842105264,0.0,0.0
1987-12-31,0.1719978379046916,0.1733102253032914,-0.0168582375478926,7.039617641727273,-1.524120859090909,7.2753080835,9.0910131355,0.0,0.0
1988-01-31,0.171702513294214,0.34602076124568,-0.0057471264367815,4.009761270684211,2.0413416014210526,7.094926358473684,8.835084445210526,0.0,0.0
1988-02-29,0.4380107596098304,0.172413793103443,0.0,1.0582529028117775,4.88467460915,6.69750305585,8.44542787475,0.0,0.0
1988-03-31,0.4361005920937577,0.2581755593803692,-0.0175438596491227,2.1546986805609265,3.786850094173913,6.759164128869565,8.605026887826087,0.0,0.0
1988-04-30,0.4342070127402619,0.6008583690987113,-0.0051981806367771,2.62505823645,3.4530219017,7.01809688005,8.926465420549999,0.0,0.0
1988-05-31,0.1953232151046924,0.255972696245732,-0.0171029425415389,4.004092455571429,2.1005401792857143,7.394765896761904,9.231777268142858,0.0,0.0
1988-06-30,0.1949424472491356,0.4255319148936065,0.0004409171075837,6.352878119545454,-0.3318722358636363,7.537377919863636,8.984067014454546,0.0,0.0
1988-07-31,0.1945631610615006,0.4237288135593209,0.0004409171075837,3.6697464026420663,2.56855285135,7.7734920372,9.1646778838,0.0,0.0
1988-08-31,0.4441520187880465,0.421940928270037,0.0004409171075837,5.095543019695652,2.1104303515652174,8.164985240304347,9.301538345695652,0.0,0.0
1988-09-30,0.4421880317183602,0.4201680672268892,0.0004409171075837,6.367216314,1.0028919104285714,8.108950874380954,8.994643688952381,0.0,0.0
1988-10-31,0.4402413372144975,0.3347280334728086,-0.0180776014109347,5.85328620705,1.55080919195,8.05937679805,8.82950543715,0.0,0.0
1988-11-30,0.3387983169662822,0.3336113427856446,-0.0061728395061728,6.95500341475,0.9520385477,8.39211949045,8.92417744515,0.0,0.0
1988-12-31,0.337654349712313,0.3325020781379972,0.0001164686699277,7.911834106904761,-0.0748282320952381,8.887984858380952,8.991176773333333,0.0,0.0
1989-01-31,0.3365180817716195,0.4142502071251108,-0.006056370836245,7.923301771699999,0.37652457055,8.96305217435,8.9551514901,0.0,0.0
1989-02-28,0.2543665524766592,0.3300330033003229,-0.0188768836567579,8.136905160368421,0.4671501557368421,9.164341965315788,9.014213648421054,0.0,0.0
1989-03-31,0.2537211706818976,0.4934210526315929,-0.0118328584995252,8.560736037090908,0.3741612874090909,9.560399247363636,9.142148285954546,0.0,0.0
1989-04-30,0.253079055539418,0.7364975450081745,0.0005128205128204,8.470774274350001,0.2810204325,9.3481229623,8.99808318285,0.0,0.0
1989-05-31,0.2469118750241028,0.4874086108854758,0.0197435897435897,8.238719300863636,0.3676431278636363,8.9484986355,8.757299932181818,0.0,0.0
1989-06-30,0.246303721886143,0.3233629749393563,0.0001209482341557,7.671506205272727,0.9340083092272728,8.434393200818182,8.234094651545455,0.0,0.0
1989-07-31,0.2456985571951397,0.3223207091055613,0.0001209482341557,6.84462123095,1.4218336815,7.88232469085,8.0010925141,0.0,0.0
1989-08-31,0.0656603517935172,0.0,0.0001209482341557,7.4746835077826095,0.5893832803478262,8.140113809304347,8.057124359347826,0.0,0.0
1989-09-30,0.0656172672649724,0.2409638554216941,0.0064102564102563,7.68669001385,0.1132219128999999,8.195856601,8.1424948458,0.0,0.0
1989-10-31,0.0655742392411617,0.480769230769229,0.012699564586357,7.380113023904762,-0.0790389279523809,7.984484030666667,8.008098374666666,1.0,0.0
1989-11-30,0.364294014874611,0.3987240829345984,0.0062893081761006,7.444344471428572,0.616613427,7.751170311190476,7.856167666999999,1.0,0.0
1989-12-31,0.362971730584416,0.3177124702144596,0.0062893081761006,8.44970718155,-0.34429525025,7.7433509012,7.801899157949999,1.0,0.0
1990-01-31,0.3616590106147788,0.9501187648456088,-0.0061728395061728,8.040565672095239,0.0230822372857142,7.927985952285714,8.164665121857142,1.0,0.0
1990-02-28,0.1209900100715977,0.3921568627450966,-0.0124621476822734,8.472913545052633,-0.6529497392105262,8.091127776578947,8.414400607421053,1.0,0.0
1990-03-31,0.1208438011444323,0.4687499999999955,0.0003583651382393,8.4707822945,-0.931109080181818,8.285514701454545,8.507419758272727,1.0,0.0
1990-04-30,0.1206979451595868,0.2332814930015692,0.0065312046444122,8.69659606545,-2.0446314232,8.33571841295,8.68667208195,1.0,0.0
1990-05-31,0.0221938931093346,0.1551590380139522,0.0004748338081671,7.849241512954546,0.5234592271818183,8.269845741727273,8.678405782681818,1.0,0.0
1990-06-30,0.0221889685133813,0.6196746707978429,0.0068850902184235,6.520920674666666,1.7448153356190477,8.026372159428572,8.433339322571427,1.0,0.0
1990-07-31,0.0221840461023692,0.4618937644341736,0.0190063023396356,3.812979028047619,4.193523858428572,7.89572450752381,8.448348984809524,1.0,0.0
1990-08-31,-0.3034681856559973,0.8429118773946254,0.0430478877847299,0.032228148505968,7.7826502065217396,7.762731881130435,8.753469252869566,1.0,0.0
1990-09-30,-0.3043919182877164,0.6838905775075954,0.0238171185539607,0.1234543927741761,7.487979201947369,7.785747914368421,8.940662283263157,1.0,0.0
1990-10-31,-0.3053212916242165,0.6792452830188811,0.0286450589751214,0.081129052549481,7.306773843772728,7.603112330681818,8.749444144136364,1.0,0.0
1990-11-30,-0.1559802150358669,0.2248875562218755,0.0223254966283943,3.538117195384614e-06,7.1385398672,7.335284915,8.4163809525,1.0,0.0
1990-12-31,-0.156223893400742,0.3739715781600594,0.0276165019193996,0.2145046561013321,6.6963361479,7.101353329949999,8.13340688615,1.0,0.0
1991-01-31,-0.1564683343245443,0.3725782414307099,0.0210840160436934,3.633796544142857,2.714698388285714,6.776797879714286,8.210087148761906,1.0,0.0
1991-02-28,0.2598963522870035,0.0742390497401768,0.025808682058682,3.1185037094502084,2.8270514210526314,6.4215289873157895,7.99445201705263,1.0,0.0
1991-03-31,0.259222642095902,0.0,0.0156157159833629,0.0001023426393588,5.85878588925,6.530844760399999,8.2267355982,1.0,0.0
1991-04-30,0.2585524156927254,0.2225519287833766,0.0151492980729153,2.899806159079256,2.664920589545454,6.353948007727272,8.181683160636364,0.0,0.0
1991-05-31,0.1684528955053776,0.3700962250185124,0.0050482879719052,5.781524304863637,-0.4961455695,6.198022773136364,8.261048660136364,0.0,0.0
1991-06-30,0.1681696089297579,0.2949852507374784,0.0051193308818227,6.97200208175,-1.53626350475,6.4210517222500005,8.4403903189,0.0,0.0
1991-07-31,0.1678872735583869,0.1470588235294112,7.104290991762537e-05,6.350497478636364,-0.8755084272272726,6.324688157363636,8.3915658105,0.0,0.0
1991-08-31,0.1161816148728567,0.2936857562408246,7.104290991762537e-05,2.420314726136364,2.814234733318182,5.869155802954546,8.114721904090908,0.0,0.0
1991-09-30,0.1160467898384309,0.2928257686676483,0.0097328786587098,2.2017763846,2.86220496265,5.661526508,7.8812755845,0.0,0.0
1991-10-31,0.1159122773614962,0.1459854014598471,0.004830917874396,1.7829958964285713,3.057446397523809,5.407573172809524,7.759360586476189,0.0,0.0
1991-11-30,0.3990840699958253,0.4373177842565745,0.0191166321601103,5.653800056052631,-1.2213437975789476,5.035816232526316,7.752613873368421,0.0,0.0
1991-12-31,0.3974977199170171,0.2902757619738683,0.0142857142857143,18.492018716666667,-14.584824931428573,4.516479327904762,7.502236891619047,0.0,1.0
1992-01-31,0.3959239313174434,0.0723589001447422,0.0188519243313764,21.330321223809523,-17.797430938857143,4.323627021857143,7.475896183285714,0.0,1.0
1992-02-29,0.3614344251685164,0.2169197396963085,0.0045662100456621,12.19320023168421,-8.705889166052632,4.451847706105263,7.6970028765789476,0.0,0.0
1992-03-31,0.3601327813205435,0.3607503607503615,0.0045662100456621,9.397945935954546,-5.715619683,4.833624945954546,7.761651210090909,0.0,0.0
1992-04-30,0.3588404791225574,0.2156721782890169,0.0090090090090089,10.79371250495238,-7.448780358952381,4.468063912666667,7.762247187095237,0.0,0.0
1992-05-31,0.3293700621993523,0.2152080344332674,0.0177809388335704,10.4567361025,-7.242877008700001,4.3157490661,7.68773042065,0.0,0.0
1992-06-30,0.3282887772495302,0.2863278453829609,0.0135074345600661,10.452114271,-7.104791254227272,4.280720412863636,7.596401017181819,0.0,0.0
1992-07-31,0.3272145685434768,0.2855103497501732,0.0001694212220528,17.01074592090909,-14.06433537759091,3.7141222890454544,7.3345367905,0.0,1.0
1992-08-31,0.3476185331349413,0.2135231316725994,-0.0086025086025086,20.64130326,-17.794860428095237,3.5816809851904763,7.106416762809524,0.0,1.0
1992-09-30,0.3464143327130298,0.2130681818181656,-0.0174868990658464,19.19275659809524,-16.590021394761905,3.3115772530952383,7.0127437876666665,0.0,1.0
1992-10-31,0.3452184465350338,0.425230333097093,-0.0085916846911799,16.000522869619047,-13.299771207619049,3.460908208857143,7.132217434238095,0.0,0.0
1992-11-30,0.055647907446743,0.2822865208186309,-0.0085916846911799,8.496690480421053,-5.520616165157895,3.837941558,7.263862807105262,0.0,0.0
1992-12-31,0.055616957773541,0.1407459535538446,6.17055411575862e-05,8.205003354157896,-5.1811395157368425,3.898254430210526,7.145942994894737,0.0,0.0
1993-01-31,0.0555860425077714,0.3513703443429383,-0.0136369245958287,8.242328403666667,-5.289168565666667,3.653276592,7.011275936333333,0.0,0.0
1993-02-28,0.1940569813095871,0.2100840336134224,-0.0183317602765799,8.194348163157896,-5.294840634684211,3.4893228352105266,6.682424617894736,0.0,0.0
1993-03-31,0.1936811295562002,0.1397624039133571,-0.0090653510101706,7.954201478434783,-4.960615066695652,3.4209168736521742,6.447566422565217,0.0,0.0
1993-04-30,0.193306730896281,0.3489183531053763,6.706908115357753e-05,8.037231954894738,-5.135774535631579,3.317814840052632,6.430863897736843,0.0,0.0
1993-05-31,0.159051607591909,0.2781641168289051,6.706908115357753e-05,8.1644462498,-5.2846019788500005,3.4112327827,6.43153793225,0.0,0.0
1993-06-30,0.1587990351736179,0.0693481276005769,-0.0094567404426559,8.11716715790909,-5.1339751915,3.625050038318182,6.249288251045456,0.0,0.0
1993-07-31,0.1585472636486562,0.1386001386001201,-0.014287658317052,7.8917902889523805,-4.921985207714286,3.5660865804761905,6.065484074619048,0.0,0.0
1993-08-31,0.4533831009706279,0.207612456747408,-0.0144947834206146,7.287151331380953,-4.292529164238095,3.511126438190476,5.973754766333333,0.0,0.0
1993-09-30,0.4513368161179087,0.1381215469613117,-0.0047577542806003,7.35064364604762,-4.4163693466666665,3.41689803847619,5.654529488571429,0.0,0.0
1993-10-31,0.4493089195458877,0.4137931034482678,-0.0097307579748316,7.348507452526316,-4.372068358105263,3.444231260842105,5.605355530421053,0.0,0.0
1993-11-30,0.3234543294172276,0.2747252747252737,-0.009879302241023,7.481079276699999,-4.4650047254,3.62999781755,5.97912351395,0.0,0.0
1993-12-31,0.3224114755410623,0.205479452054802,-0.0097262214909273,7.397631914636364,-4.392009836500001,3.659045160636364,6.003766098318182,0.0,0.0
1994-01-31,0.3213753246149364,0.0,7.770007770006397e-05,7.476276856736842,-4.551120652368422,3.585670689263158,5.970615350263158,0.0,0.0
1994-02-28,0.4517275436150436,0.2734107997265811,7.770007770006397e-05,7.531860487210526,-4.333089428210526,3.912882273105264,6.200584057421052,0.0,0.0
1994-03-31,0.449696142277789,0.2726653033401582,-0.0101787101787101,7.697276999782609,-4.25944307873913,4.399265151173913,6.700349481695652,0.0,0.0
1994-04-30,0.4476829294145945,0.0679809653296947,-0.0258037101787101,6.136114489736842,-2.5942209268421053,4.840302146894737,7.1513013547894735,0.0,0.0
1994-05-31,0.1948615184442781,0.2038043478260975,-0.0207532051282051,5.56018808404762,-1.6122393832380952,5.286724709428571,7.298054877190476,0.0,0.0
1994-06-30,0.1944825468004785,0.2711864406779618,-0.015625,2.221209686136364,1.8177611300454544,5.2351293124545455,7.213673960818181,0.0,0.0
1994-07-31,0.1941050463628357,0.3380662609871576,-0.0054644808743169,6.321509636473684,-2.2197651386842105,5.449850932789474,7.411402841263158,0.0,0.0
1994-08-31,0.381856718664908,0.4043126684636133,-0.0110200364298724,6.4426907699565215,-2.1799897355217395,5.520393826391304,7.329268637521738,0.0,0.0
1994-09-30,0.3804041199746866,0.2013422818792021,-0.0166697539439967,5.398462693809524,-0.8442245601904762,5.700228634809524,7.556868228190477,0.0,0.0
1994-10-31,0.3789625308940225,0.0669792364367038,-0.022699525943243,4.383284120631579,0.4658353251578948,6.050913783421053,7.79234388431579,0.0,0.0
1994-11-30,0.1182601691806839,0.2677376171352108,-0.0230963513400684,7.51517706485,-2.50056858765,6.469107174,7.94472114565,0.0,0.0
1994-12-31,0.1181204797015444,0.2002670226969094,-0.0113860277653381,7.854311220047619,-4.043387263809524,7.143704761904762,7.764814285714286,0.0,1.0
1995-01-31,0.1179811198368518,0.2664890073284409,-0.0117965367965367,7.95769129745,-3.52394555455,7.012950000000001,7.76524,0.0,1.0
1995-02-28,0.0994409486990477,0.2657807308970028,-0.0058441558441558,7.962832638666667,-2.333249700777778,6.624866666666667,7.4659,0.0,0.0
1995-03-31,0.099342161910787,0.1988071570576455,0.0127865961199294,8.030449374590908,-2.2425068865454545,6.392188715136364,7.255201143136364,0.0,0.0
1995-04-30,0.0992435712015904,0.3968253968254176,0.013197105151128,0.3711162591293396,5.419903530894737,6.221605570421053,7.118845900210527,0.0,0.0
1995-05-31,0.2835751674128195,0.1976284584980225,0.013197105151128,2.5706052116300795e-05,5.747646487636364,5.948703847590909,6.682366348090909,0.0,0.0
1995-06-30,0.2827732925750004,0.1972386587771213,-0.0055418719211822,3.385350850486069,2.317952205954545,5.628949069363636,6.2675095189545456,0.0,0.0
1995-07-31,0.2819759399254051,0.1312335958005173,0.005952380952381,0.2533265044357718,5.26230348215,5.634883545799999,6.377369631500001,0.0,0.0
1995-08-31,0.2263606836845344,0.1965923984272644,0.0001044277360067,0.0022252018107306,5.489576858782609,5.741557918869566,6.580788169304348,0.0,0.0
1995-09-30,0.2258494493269536,0.1308044473512071,-0.0118003341687552,2.3012686868980515e-05,5.46202857015,5.62428163335,6.30696629115,0.0,0.0
1995-10-31,0.2253405190056678,0.2612671456564408,-0.0057397281081491,0.0029386584769865,5.48899734,5.582151814571429,6.110824648952381,0.0,0.0
1995-11-30,0.2496833742089199,0.1302931596091072,0.000108225108225,5.155716953523809,0.1805792990952381,5.418760932095238,6.002353975285714,0.0,0.0
1995-12-31,0.2490615090293468,0.1301236174365838,0.006060606060606,4.96635923855,0.1219110230499999,5.288247414500001,5.801768291749999,0.0,0.0
1996-01-31,0.2484427338074413,0.5198180636777128,-0.0059523809523809,4.623412400619047,0.7329941739047618,5.064963046095238,5.763045160857143,0.0,0.0
1996-02-29,0.5559813672971092,0.1939237233354873,-0.0059523809523809,3.88558122545,1.19645524755,4.9202694725,5.94209280505,0.0,0.0
1996-03-31,0.5529073056989686,0.3225806451612856,0.000108225108225,1.938723042062549,3.020609460142857,5.370957358095238,6.405530196857143,0.0,0.0
1996-04-30,0.5498670506045578,0.385852090032146,0.006060606060606,1.9340043091363637,2.928021300727273,5.565533558727273,6.649574340590909,0.0,0.0
1996-05-31,0.2990112470437234,0.1921844971172426,-0.0117965367965368,2.8640414171363635,2.050318802181818,5.652608652727273,6.8177933654090905,0.0,0.0
1996-06-30,0.298119835206756,0.1918158567774774,-0.0052785265049415,4.0749342552000005,0.8657829727499999,5.8240108074,6.9481573257,0.0,0.0
1996-07-31,0.2972337225230159,0.191448627951507,-0.0295209507473658,3.969250015363636,1.1309093907727272,5.860400134863636,6.869357463863636,0.0,0.0
1996-08-31,0.3461231767309947,0.1273885350318471,-0.0051278601778046,1.7630535416666666,3.2556781862857145,5.640572312285714,6.641782202190476,0.0,0.0
1996-09-30,0.3449292964925243,0.3180661577608212,-0.0177064765300059,5.52835934335,-0.6741723445,5.8303529258,6.87127252975,0.0,0.0
1996-10-31,0.3437436240284031,0.3170577045022105,0.0193564605329312,2.3683848546755386,2.6510499253181816,5.580704786545454,6.577596321363637,0.0,0.0
1996-11-30,0.2151477328659057,0.3160556257901348,0.0128205128205128,7.512426277512306e-06,5.168617210631578,5.450305973421052,6.252404791842105,0.0,0.0
1996-12-31,0.2146858411459229,0.2520478890989386,0.0066476733143399,1.1408586190147183,3.990600471904762,5.502248371619048,6.329903445619048,0.0,0.0
1997-01-31,0.2142259284095393,0.188560653676939,-0.0124621476822734,0.4398499147144906,4.716739815380952,5.647813830333333,6.586927149952381,0.0,0.0
1997-02-28,0.555072610185281,0.1882057716436458,-0.0124621476822734,0.0106152834068735,5.093294834388889,5.550644069777778,6.448303457388889,0.0,0.0
1997-03-31,0.5520085618525572,0.0626174076393315,-0.012699564586357,0.3019504872148969,4.96265876835,5.8234614895,6.7411856427000005,0.0,0.0
1997-04-30,0.5489781554318673,0.0625782227784643,-0.019482151835093,2.3033032257727277,2.988168338409091,6.011935047863636,6.922367591227272,0.0,0.0
1997-05-31,0.4161896583653179,0.0,-0.0126794307466576,2.6662872136666667,2.5620656732857143,5.874957696714286,6.738090752952381,0.0,0.0
1997-06-30,0.4144646991498746,0.1876172607879755,-0.0129358410030678,1.0949851708245608,4.078695355714286,5.7354796387619045,6.547000765428571,0.0,0.0
1997-07-31,0.4127539796100476,0.1248439450686644,-0.0066666666666666,0.0460025917728769,5.235329936227273,5.624630966590909,6.275628018909091,0.0,0.0
1997-08-31,0.2846200909148555,0.2493765586034868,-0.0065249433106575,0.842563562134235,4.509403988238096,5.681632121190477,6.379295096476191,0.0,0.0
1997-09-30,0.2838123040769469,0.2487562189054548,-0.0134637188208616,4.0905520481428574,1.021220331952381,5.634052694142857,6.306623075809524,0.0,0.0
1997-10-31,0.2830090894594184,0.1861042183622929,-0.0137531963139866,3.933109165363637,1.2158548678636365,5.583343090954545,6.13413080340909,0.0,0.0
1997-11-30,0.3345843773607804,0.1238390092879182,-0.0134512639468368,0.3893178073762599,5.053663328666667,5.596918690388889,5.942269251277778,0.0,0.0
1997-12-31,0.3334686433766443,0.0618429189857883,-0.0069380203515264,0.4335490927054619,5.105284922454545,5.628091454863636,5.842997485681818,0.0,0.0
1998-01-31,0.3323603259067331,0.1236093943139504,0.0001541782300339,2.0419468204222047,3.34241584635,5.335761987,5.62561838705,0.0,0.0
1998-02-28,0.3085626266654317,0.0,0.0001541782300339,0.7111162558917765,4.704820337842105,5.3892765824210525,5.693057287999999,0.0,0.0
1998-03-31,0.3076134465348268,0.0,-0.0211224175146469,0.0083244799404068,5.395894865863636,5.476379700136364,5.757482798272728,0.0,0.0
1998-04-30,0.3066700881073192,0.123456790123444,-0.0133704795301508,2.2535856170000037,3.01803468704762,5.467409222809524,5.748121330476191,0.0,0.0
1998-05-31,0.4196467571236706,0.2466091245376223,-0.0130410987659874,3.16541918655,2.12639495035,5.49766000685,5.77068911055,0.0,0.0
1998-06-30,0.4178930823553362,0.1230012300123206,0.0153276955602537,5.082092852909091,-0.1145396734090909,5.475951753545455,5.606222318090909,0.0,0.0
1998-07-31,0.4161540035624966,0.245700245700231,0.0075757575757575,1.7614156040909092,3.507059871181818,5.397423834545455,5.555810403863637,0.0,0.0
1998-08-31,0.5363988569860423,0.1225490196078427,0.0074074074074073,0.3805523876728984,4.819235086285714,5.256088930952381,5.417661016285714,0.0,0.0
1998-09-30,0.5335369707732296,0.0611995104039087,0.0001610305958132,0.2691793136182079,4.788265975428571,4.851966417619048,4.998658285142857,0.0,0.0
1998-10-31,0.530705460933234,0.244648318042806,-0.0072463768115941,4.048867269117533e-05,4.493812344047619,4.3280937015714285,4.847844126047619,0.0,0.0
1998-11-30,0.3131445829072321,0.1220256253813278,-0.0146537842190015,2.8959384519062812e-05,4.732788752315789,4.655839281368421,5.074754608736842,0.0,0.0
1998-12-31,0.3121670487046035,0.1828153564899626,-0.0149831649831649,5.3668998582233126e-05,4.736414396181818,4.617515838363636,4.9347953855,0.0,0.0
1999-01-31,0.3111955985887871,0.1824817518248034,0.0001761804087385,4.089152384000561e-05,4.542207286947368,4.644622202368422,5.074780739052631,0.0,0.0
1999-02-28,0.2782476319562077,0.0,-0.0149753347427766,3.100778555026386e-06,4.5760260135789474,4.805626552473685,5.337962497789474,0.0,0.0
1999-03-31,0.2774755627735548,0.0607164541590821,0.0005369307694888,0.0018346198679928,4.572889740826087,4.903232248913043,5.576027532391305,0.0,0.0
1999-04-30,0.276707766341655,0.6674757281553312,-0.0149669451995033,0.0011738401423496,4.4224236957142855,4.808044641190476,5.496256798,0.0,0.0
1999-05-31,0.4419610765019177,0.0602772754671354,0.0081210778885197,2.318121198206152e-05,4.553990666157895,4.994379495421053,5.813206347578948,0.0,0.0
1999-06-30,0.4400163753924602,0.0,0.0001845699520118,0.477746035199369,4.191335834636363,5.28274906190909,6.1563204863636365,0.0,0.0
1999-07-31,0.4380887133151212,0.4216867469879481,0.0001845699520118,1.2791771507894738,3.384686963842105,5.247086575578948,6.082001776052632,0.0,0.0
1999-08-31,0.5468890288561346,0.2399520095980767,-0.0077519379844961,2.629032742090909,2.1785898600909093,5.3992274435,6.263761400818182,0.0,0.0
1999-09-30,0.5439144205636959,0.418910831837227,-0.015688445921004,2.1051353770952383,2.769039038190476,5.431649720619047,6.297147366857143,0.0,0.0
1999-10-31,0.540971995866979,0.1787842669844996,-0.0079365079365079,2.8057612012,2.02724773005,5.5853419306,6.49452080655,0.0,0.0
1999-11-30,0.1209311362421194,0.1784651992861485,-0.0160665892373209,2.211313431,2.90571336725,5.64762699,6.3102673142,0.0,0.0
1999-12-31,0.1207850694851853,0.2375296912114022,-0.0081300813008129,3.0081092250454544,2.1273331670454545,5.896600740409091,6.538049368227274,0.0,0.0
2000-01-31,0.1206393551562268,0.2962085308056972,0.0002032520325203,4.80410939465,0.3367946168,6.1462980913,6.7677359844,0.0,0.0
2000-02-29,0.6070959377117546,0.4134672179562759,0.0002032520325203,5.24541765825,0.115725917,6.297824474,6.59682325725,0.0,0.0
2000-03-31,0.6034325233755133,0.588235294117645,-0.0164634146341463,4.857765858956522,0.821958915304348,6.318598576739131,6.395448655217391,0.0,0.0
2000-04-30,0.5998130563142468,-0.0584795321637354,-0.0072528883183568,5.001746358368421,0.6148327611578948,6.277444796368421,6.157953294157895,0.0,0.0
2000-05-31,0.033977528785356,0.1755412521942556,0.0008771929824561,5.487681750590909,0.1562598189090909,6.692184592681818,6.547722433454546,0.0,0.0
2000-06-30,0.0339659879820208,0.5841121495327117,0.0175438596491227,5.339604782363637,0.2399289225909091,6.477692173363637,6.220471900863637,0.0,0.0
2000-07-31,0.0339544550159054,0.2903600464576161,0.0083333333333333,5.14756523395,0.86719883835,6.3683116878,6.1352200258,0.0,0.0
2000-08-31,0.1990129309272115,0.0,-0.0079268292682926,5.116256069695653,1.0709542874782607,6.331840744521739,5.955920619608696,0.0,0.0
2000-09-30,0.1986176561084685,0.5211349160393786,-0.0079268292682926,4.380316252449999,1.8480221956,6.2009563193,5.98593786785,0.0,0.0
2000-10-31,0.1982239483484082,0.1728110599078514,-0.0162601626016259,4.3398550989523805,1.9500304826666663,6.171499139380953,5.888724697095238,0.0,0.0
2000-11-30,-0.1092662692133816,0.1725129384703816,0.0,4.364218236095239,2.093232876857143,6.13796385804762,5.826641214095238,0.0,0.0
2000-12-31,-0.1093857909862605,0.2296211251435087,0.0256410256410257,3.35545339505,2.9352508845500003,5.66504511675,5.41290054175,0.0,0.0
2001-01-31,-0.109505574525115,0.572737686139746,0.0256410256410257,3.774789927238096,1.816153328857143,4.961435891095238,5.379625329809524,1.0,0.0
2001-02-28,0.2081676434146029,0.2277904328018332,0.0335775335775336,3.930993555473684,1.3726758308947369,4.75646578668421,5.350810812842106,1.0,0.0
2001-03-31,0.2077352059318693,0.0568181818181745,0.015688445921004,3.585468795363637,1.2209391929545454,4.383390372545454,5.195505353545455,1.0,0.0
2001-04-30,0.2073045613744106,0.1703577512776943,0.0081126883452464,3.4524300842000004,0.8521994858499999,4.08987584885,5.4408014364,1.0,0.0
2001-05-31,-0.1335463984396878,0.5102040816326481,0.0156800563777308,3.9269912968181817,0.1538299416363636,3.940083178590909,5.646620795227273,1.0,0.0
2001-06-30,-0.1337249833387566,0.2256063169768563,0.015335525800642,3.865583132809524,0.0529148318095238,3.752456725380952,5.559621992952381,1.0,0.0
2001-07-31,-0.1339040465026197,-0.1688238604389269,0.0446504138111822,3.824440311095238,0.2866563527619047,3.678227642380953,5.496734588238096,1.0,1.0
2001-08-31,0.0915918159530182,0.0,0.0359492589306253,3.524192188173913,0.3634508263913043,3.437116118869565,5.302608616608695,1.0,1.0
2001-09-30,0.0915080021121506,0.3945885005636862,0.048541851523218,2.689825422529412,0.2730900302352941,2.7938411764705884,5.154558823529412,1.0,1.0
2001-10-31,0.0914243415237825,-0.2807411566535633,0.0393813374406366,2.5673405217272727,-0.0314523602272727,2.2953045454545453,4.973677272727273,0.0,1.0
2001-11-30,0.2787862188107892,-0.0563063063063085,0.0446998284734133,2.76914527435,-0.61649003115,2.173005,5.053865,0.0,1.0
2001-12-31,0.2780111620043879,-0.0563380281690117,0.0246998284734133,3.5424290914,-1.3606952737,2.17788,5.526835,0.0,0.0
2002-01-31,0.2772404027391761,0.1691093573844337,0.0121212121212121,3.614666369761905,-1.3507393442380953,2.102952380952381,5.445509523809524,0.0,0.0
2002-02-28,0.2042355280019281,0.1688238604389491,0.0,3.346021897526316,-1.259252969894737,2.1788263157894736,5.356021052631578,0.0,0.0
2002-03-31,0.2038192566669261,0.2808988764045006,0.0116959064327485,3.8828300597,-1.96580975175,2.59315,5.706505,0.0,0.0
2002-04-30,0.2034046787626309,0.4481792717086819,0.0060461889186242,3.934784804772727,-1.982349094181818,2.455736363636364,5.595672727272727,0.0,0.0
2002-05-31,0.1355038100116834,0.1115448968209698,0.0060461889186242,3.4706706711818183,-1.3857408185,2.3392227272727277,5.517059090909091,0.0,0.0
2002-06-30,0.1353204456521206,0.0557103064066755,-0.0056497175141243,3.02016140655,-0.8621312696000001,2.1567,5.28404,0.0,0.0
2002-07-31,0.1351375768808393,0.222717149220486,-0.0057471264367815,2.4905142851818183,-0.0919451039545454,1.843704545454545,5.044145454545454,0.0,0.0
2002-08-31,0.0412016841839779,0.2777777777777768,-0.0057471264367815,1.2301030394545456,0.8501811696363636,1.6738863636363637,4.686963636363636,0.0,0.0
2002-09-30,0.0411847153876099,0.1662049861495873,-0.0057471264367815,0.5414214915016954,1.2994792375,1.69035,4.299335,0.0,0.0
2002-10-31,0.0411677605625993,0.221238938053081,0.0116959064327485,0.3592117948461416,1.356756863590909,1.6217136363636364,4.403486363636364,0.0,0.0
2002-11-30,0.1755473286016995,0.16556291390728,0.0173456239468728,0.8194641205789474,1.486703500894737,1.4717105263157897,4.475078947368421,0.0,0.0
2002-12-31,0.1752396999896932,0.1652892561983643,0.0062345128357617,0.809473391047619,0.6151556216190477,1.3838666666666666,4.462676190476191,0.0,0.0
2003-01-31,0.1749331476665672,0.4400440044004305,0.0002857328397948,1.0076955677142858,0.468206686,1.3092761904761905,4.457514285714286,0.0,0.0
2003-02-28,0.2952072242905057,0.5476451259583737,-0.0053639846743294,1.0700787249473684,0.4333680276842105,1.2461315789473684,4.2870526315789474,0.0,0.0
2003-03-31,0.2943383163168667,0.1633986928104569,0.0113968439509059,0.7831652880952381,0.6640805389047619,1.216861904761905,4.184290476190476,0.0,0.0
2003-04-30,0.2934745083900569,-0.3806416530723333,0.0112052730696798,1.2469079839523811,0.2020658772857143,1.2297333333333331,4.314042857142857,0.0,0.0
2003-05-31,0.5543999856570281,-0.16375545851528,0.0221342348183137,0.7936138256190477,0.5067414952857143,1.1431285714285715,3.877614285714286,0.0,0.0
2003-06-30,0.5513433382687394,0.1093493712411186,0.0111935120131841,0.7209307061428571,0.3577228790952381,0.997004761904762,3.63467619047619,0.0,0.0
2003-07-31,0.5483202113112817,0.3276897870016393,0.000261612371607,1.4635384912272726,-0.3628856362727272,1.0931863636363637,4.296086363636364,0.0,0.0
2003-08-31,0.3869071327254447,0.4354926510615087,-0.0106673493770268,1.314296956238095,-0.0575135747142857,1.2767095238095238,4.822285714285714,0.0,0.0
2003-09-30,0.3854159309977456,0.3252032520325132,-0.0108408249603384,1.3357095625714286,-0.0278264742380952,1.176847619047619,4.618242857142857,0.0,0.0
2003-10-31,0.3839361797959517,-0.1080497028633109,-0.016575591985428,1.2046514303636364,-0.0034135859545454,1.2164954545454545,4.616040909090909,0.0,0.0
2003-11-30,0.18888381798563,0.0540832882639286,-0.0223227184222096,1.3936690189999998,-0.2138195766666666,1.3213166666666667,4.607166666666667,0.0,0.0
2003-12-31,0.1885277196308488,0.2702702702702675,-0.0168582375478926,1.573548550318182,-0.4281526969090909,1.2943318181818182,4.562440909090909,0.0,0.0
2004-01-31,0.1881729614376714,0.431266846361189,-0.0115950796531558,1.40198891005,-0.2207289912,1.20561,4.43038,0.0,0.0
2004-02-29,0.2583174412473799,0.2147074610842514,0.0060568086883876,1.377415345105263,-0.1803175299766475,1.2005631578947369,4.36451052631579,0.0,0.0
2004-03-31,0.2576518814997763,0.2142474558114671,-0.0054374441851755,0.8339913173913043,0.3878610448260869,1.1432391304347826,4.099969565217392,0.0,0.0
2004-04-30,0.2569897425926948,0.1603420630678753,0.0004105090311986,1.6263953523333334,-0.4780836472857143,1.4466428571428571,4.641642857142857,0.0,0.0
2004-05-31,0.3161979629310307,0.4268943436499306,-0.0114942528735632,2.45220778915,-1.4553216031,1.7870899999999998,5.01377,0.0,0.0
2004-06-30,0.3152013028323353,0.3719447396386854,-0.0059523809523809,2.492366351285714,-1.2548639613809525,2.077619047619048,5.007795238095238,0.0,0.0
2004-07-31,0.3142109059631082,0.1058761249338235,-0.0120129870129869,2.167307368047619,-0.7197080322857142,2.0478380952380952,4.756819047619048,0.0,0.0
2004-08-31,0.3400693762069862,0.0528820729772672,-0.0120129870129869,1.8237261054114415,-0.3414397318636364,2.005154545454545,4.545159090909091,0.0,0.0
2004-09-30,0.3389168238781659,0.3171247357294016,0.0001122334455667,2.610170678711012e-05,1.6415907747142855,2.1187285714285715,4.364938095238095,0.0,0.0
2004-10-31,0.3377720575487686,0.5268703898840821,0.0001122334455667,2.013043663022464e-05,1.7942626458,2.21982,4.332665,0.0,0.0
2004-11-30,0.3697877847319342,0.4716981132075304,0.0001122334455667,0.2250983564452162,1.2893415869,2.518895,4.40411,0.0,0.0
2004-12-31,0.3684253926341307,0.0,-0.0122334455667788,1.671446874818367e-05,2.158645552909091,2.700277272727273,4.415177272727273,0.0,0.0
2005-01-31,0.3670730024834645,-0.0521648408972286,0.0001164686699277,1.8150813310771423e-05,2.31867861895,2.9068750000000003,4.36697,0.0,0.0
2005-02-28,0.1642081516035842,0.4175365344467607,-0.0122292103424179,0.0615991976065364,2.3709300091578944,3.0787789473684213,4.2784,0.0,0.0
2005-03-31,0.1639389504832111,0.3638253638253541,-0.006056370836245,1.0302024311306829e-05,2.6077267746818182,3.3624727272727277,4.611222727272727,0.0,0.0
2005-04-30,0.1636706305692348,0.3107198342827466,-0.0187559354226021,0.0104219627279417,2.7063449192857143,3.370285714285714,4.445790476190476,0.0,0.0
2005-05-31,0.2612713448357562,-0.0516262261228694,-0.0129462041226747,1.437429572468555e-05,2.7536408396190475,3.398638095238095,4.237038095238096,0.0,0.0
2005-06-30,0.2605904965409245,0.0516528925619708,-0.0129462041226747,2.2602401974813497e-05,2.941051976636364,3.458109090909091,4.0758,0.0,0.0
2005-07-31,0.2599131874751137,0.6195147134744561,-0.0132026143790849,0.2149223485941993,2.99148836685,3.71276,4.241525,0.0,0.0
2005-08-31,0.1851721798839189,0.6157003591585442,0.0001360544217687,0.253314069135553,3.2003305580869563,3.896817391304348,4.323382608695652,0.0,0.0
2005-09-30,0.1848299262803499,1.37684854665987,0.0001360544217687,0.4295891859642676,3.1148912032857146,3.8647666666666662,4.275738095238095,0.0,1.0
2005-10-31,0.1844889355168355,0.1509054325955716,0.0068027210884353,0.3156984785678823,3.5954552428,4.194365,4.5407150000000005,0.0,0.0
2005-11-30,0.4484612561624912,-0.5022601707684538,-0.0066666666666666,2.0077510858084078,1.6144685222,4.379379999999999,4.63858,0.0,0.0
2005-12-31,0.4464590602526241,0.0,-0.0202721088435374,0.0390866911213451,4.164229230619047,4.368852380952381,4.548228571428571,0.0,0.0
2006-01-31,0.4444746628498031,0.6057546693589266,-0.0131799102619771,2.714699380093738e-06,4.5260242093,4.439765,4.474465,0.0,0.0
2006-02-28,0.0862509211651874,0.0501756146512821,-0.0134576880397549,1.934192952271983e-05,4.671467685210526,4.672063157894737,4.614642105263158,0.0,0.0
2006-03-31,0.0861765930598279,0.1504513540621754,0.0001477541371158,0.0013124407293434,4.782552525043478,4.7586,4.782986956521739,0.0,0.0
2006-04-30,0.0861023929510595,0.5007511266900355,-0.0140366430260047,0.0034698901343161,4.902240899947368,4.894484210526316,5.040736842105264,0.0,0.0
2006-05-31,0.0499853085438539,0.2989536621823774,-0.0070921985815603,6.424956796651608e-06,4.972018941545454,4.965068181818181,5.156563636363637,0.0,0.0
2006-06-30,0.0499603357158928,0.2483854942871399,0.0001541782300339,0.1337955293650823,5.018021135409091,5.143440909090909,5.138918181818182,0.0,0.0
2006-07-31,0.0499353878284924,0.5450941526263575,0.0072463768115942,0.5275007212770778,4.8025174894,5.195385,5.10426,0.0,0.0
2006-08-31,0.2864832668706407,0.4435682602267121,-0.0069380203515263,0.6678982846246099,4.645234921434783,5.033399999999999,4.905504347826087,0.0,0.0
2006-09-30,0.2856648847764154,-0.4906771344455385,-0.0215918045705279,1.9856255878501876,3.2909460367500003,4.921785,4.763285,0.0,0.0
2006-10-31,0.2848511650240803,-0.4437869822485285,-0.0140160469947704,1.297483760106933,3.9638750929523807,4.9376428571428574,4.761733333333333,0.0,0.0
2006-11-30,0.1002785555685559,0.0495294700346704,-0.0072390572390571,1.4003168572417732,3.874516618857143,4.90367619047619,4.622090476190476,0.0,0.0
2006-12-31,0.1001780984184463,0.544554455445545,0.0153198653198652,1.875154178256118,3.42820717405,4.85816,4.59835,0.0,0.0
2007-01-31,0.1000778423390746,0.1659281142294633,0.0004977309325135,0.3330906090297479,4.919734521523809,4.988295238095238,4.7871,0.0,0.0
2007-02-28,0.2039206526648795,0.3878350545869269,0.0004977309325135,0.3264600998105922,4.922951741105263,4.967321052631578,4.758273684210526,0.0,0.0
2007-03-31,0.2035056625895093,0.5200121434097538,-0.0070780266432439,2.155229112681818,3.1151640888181817,4.806831818181818,4.621745454545454,0.0,0.0
2007-04-30,0.203092358140422,0.3000662483924943,-0.0072390572390571,1.982268316380952,3.3489251456190474,4.885695238095238,4.747828571428571,0.0,0.0
2007-05-31,0.1920085986537367,0.4132994016629032,0.0153198653198652,0.4144906140055051,4.790569905181818,4.912318181818182,4.783627272727273,0.0,0.0
2007-06-30,0.1916406321614827,0.231675171096235,0.0149904845557019,9.70926289158968e-06,4.989904171952381,4.9727,5.139228571428571,0.0,0.0
2007-07-31,0.1912740733182039,0.1780595848171584,0.0153056933815489,2.126070622534048,3.054612255190476,4.903190476190476,5.056785714285714,0.0,0.0
2007-08-31,0.2094122439375567,0.0308280708853025,0.0074005550416281,2.2006176519779483,2.541584750782609,4.4286,4.7984478260869565,0.0,0.0
2007-09-30,0.2089746254850366,0.4237553390765036,0.0001541782300339,3.665161242631579,0.749586181368421,4.131021052631579,4.6461578947368425,0.0,0.0
2007-10-31,0.2085388322413894,0.3083237831280172,0.0072463768115942,4.350842707636364,0.0590742564090909,4.073881818181818,4.652159090909091,1.0,0.0
2007-11-30,-0.1422547736331547,0.7858884267890387,0.0212765957446808,4.0412263053,-0.26887002655,3.43075,4.3456,1.0,0.0
2007-12-31,-0.1424574261222222,0.2898014551732553,0.0212765957446808,3.7716254313,-0.0686390565999999,3.2321599999999995,4.34109,1.0,0.0
2008-01-31,-0.1426606568220023,0.3447705076970342,0.0146099290780142,0.4172990006021514,3.065530460666667,2.5964761904761904,4.0061,1.0,0.0
2008-02-29,0.1984760872709712,0.2417826877939788,0.006938775510204,0.1003627920993939,2.4136734694,1.923535,4.065939999999999,1.0,0.0
2008-03-31,0.19808294000212,0.3578027806118822,0.0004028277977857,0.3514791251688213,1.3705897327619048,1.515845,3.86755,1.0,0.0
2008-04-30,0.1976913471695152,0.2314381020201539,0.0337361611311191,0.448166721608827,1.1602342313636365,1.7812318150000002,3.997109097727273,1.0,0.0
2008-05-31,-0.1750860168389656,0.5917491656617146,0.032476397966594,2.9367983391083644e-05,1.7443529401428572,2.068023799809524,4.183399978,1.0,0.0
2008-06-30,-0.1753931056414415,1.04782350098509,0.0509171075837742,0.0665023331845893,1.9929783029047616,2.4048333395714288,4.388576235142857,1.0,1.0
2008-07-31,-0.1757012735617902,0.7141444751521009,0.0414918202274524,0.0209742347100135,1.939012618454545,2.251259110136364,4.277854572727272,1.0,1.0
2008-08-31,-0.7296755317660386,-0.1488475727800642,0.0291461412151067,0.6755554427919497,1.2451184152857142,2.139638094714285,4.157228583380952,1.0,1.0
2008-09-30,-0.7350389309944583,0.0855091682290032,0.0390993028076126,2.4787508078571427,-0.6521901456666667,1.888423811809524,4.000676177809524,1.0,1.0
2008-10-31,-0.7404817602089109,-0.8598436564828615,0.0372425388818831,1.6363674052272728,0.1349897241818181,1.4237727250909091,4.444709062499999,1.0,1.0
2008-11-30,-0.3782914324941155,-1.7705477084725474,0.0617523428034518,1.3846149883333334,0.169441621,1.0094666581111111,4.241294423833334,1.0,1.0
2008-12-31,-0.3797279106468543,-0.8233522399403226,0.0627254695344945,0.0956128239168247,0.6244554752272727,0.4878454519545455,3.055209094863637,1.0,1.0
2009-01-31,-0.3811753398005879,0.2530771341261451,0.0687083755174005,1.266575108834655e-07,0.47355385775,0.4597300009499999,3.18822501895,1.0,1.0
2009-02-28,-0.059550316878365,0.3642660652187324,0.0602628286239443,0.8762234684736842,-0.2886351828421052,0.6469315824736842,3.529426323842105,1.0,1.0
2009-03-31,-0.0595858004113325,-0.0987282856538485,0.0489260312691971,1.1152432092272726,-0.5602821391818181,0.6651454568181818,3.374100002409091,1.0,1.0
2009-04-30,-0.0596213262557987,0.1007082519588697,0.0423733247164905,0.3921218416954005,-0.0423185968095238,0.5816999957619048,3.382961897619048,1.0,0.0
2009-05-31,0.1170641317250087,0.1471493918921984,0.0298551669791582,2.06880775265,-1.84195237395,0.5238249986500001,3.782239997300001,1.0,0.0
2009-06-30,0.116927251852883,0.8299612246622345,0.018360914105595,3.2026626370454547,-3.1832587680454547,0.5894590845909091,4.22523181,1.0,0.0
2009-07-31,0.1167906917066474,-0.0297965454630122,0.0070548712206047,3.577383516590909,-3.5083136332727274,0.5086363635454545,4.038400053954546,0.0,0.0
2009-08-31,0.3603045502728497,0.3348453377792992,0.010453216374269,3.5444711894761904,-3.605268652047619,0.5246761923333333,4.034519025333334,0.0,0.0
2009-09-30,0.3590110172417615,0.1930887233400513,0.0172559374627044,3.8134792265238096,-3.8375084922380953,0.4296285724285714,3.826223804714286,0.0,0.0
2009-10-31,0.3577267388377159,0.3001931798703783,0.0104138321995465,3.6529948010952378,-3.754853815190476,0.4134047613809524,3.7754714261428575,0.0,0.0
2009-11-30,0.1615003168562001,0.3348590589767664,0.003469387755102,4.153114963263158,-4.181506542684211,0.3325631572105263,3.795642124947368,0.0,0.0
2009-12-31,0.1612399138843923,0.0520176399642746,-0.0067003367003366,4.418784948363636,-4.338782480545455,0.4031818185,3.948150038636364,0.0,0.0
2010-01-31,0.1609803493077821,0.0648732211624647,-0.0033670033670033,4.629516765894738,-4.684016707631579,0.3863263146842105,4.066852644894737,0.0,0.0
2010-02-28,0.3225287061041415,-0.0951776649746216,3.435717721430217e-05,4.700002401473685,-4.676839087947369,0.3609578955263158,4.0264210198947366,0.0,0.0
2010-03-31,0.3214918027524938,0.0331368136192278,0.0034013605442176,4.457564295565217,-4.437480404782609,0.429386959173913,4.024169569565218,0.0,0.0
2010-04-30,0.3204615451538384,0.0230040533141906,-0.0066996495567924,3.9674996096363633,-3.910946181818181,0.4843045459999999,4.100518183181818,0.0,0.0
2010-05-31,0.2570283120157723,-0.0519772036264409,-0.0170454545454545,4.34295149435,-4.10788962615,0.4241500005499999,3.70089495195,0.0,0.0
2010-06-30,0.2563693701511438,-0.0418795158543816,-0.0170454545454545,3.709079532863636,-3.383555033272728,0.3828909086363636,3.4891591071818184,0.0,0.0
2010-07-31,0.2557137982970747,0.186925354168288,-0.0033983451536642,4.1128449173809525,-3.779335110380952,0.3370238116190476,3.2729476065714285,0.0,0.0
2010-08-31,0.1750367536089481,0.1461363479699606,0.0035460992907801,4.374739500136363,-4.026710127818181,0.3028772704090909,2.904249993227273,0.0,0.0
2010-09-30,0.1747309102960281,0.1615249422961318,3.732736095563016e-05,4.3493672016666665,-3.972970681476191,0.2960809483333333,2.8676857267619047,0.0,0.0
2010-10-31,0.1744261339244213,0.348184629481163,0.010675625233296,4.61761792015,-4.19428925035,0.24908500015,2.7489800096,0.0,0.0
2010-11-30,-0.0790682990363333,0.25338416234848,-0.0063311774877923,4.59027487305,-4.24755386065,0.28393999855,2.9563349961500003,0.0,0.0
2010-12-31,-0.0791308664664702,0.4016576346828282,-0.0099908643393298,3.7920155675,-3.4092873557727272,0.3268727253636364,3.5445182106818183,0.0,0.0
2011-01-31,-0.0791935329953141,0.3243042200370194,-0.0278382651654541,3.27215074925,-2.88468229695,0.3011049985999999,3.63181501625,0.0,0.0
2011-02-28,0.2255274310478894,0.321447463006419,-0.0108314624443656,2.790133343368421,-2.529449931105263,0.3329789482105263,3.797794743526316,0.0,0.0
2011-03-31,0.2250199493368132,0.51735482068338,4.070004070004055e-05,3.0313943411304347,-2.7700818479565217,0.2915391326956522,3.639621734608696,0.0,0.0
2011-04-30,0.224514746368265,0.4694098975099203,4.070004070004055e-05,2.5425146112,-2.34767951305,0.2853950023,3.68523501165,0.0,0.0
2011-05-31,-0.0074375786390357,0.3181714734507679,0.0037444037444037,4.765992088857143,-4.609571385,0.213971429,3.387476205904762,0.0,0.0
2011-06-30,-0.0074381318559635,0.0,-0.0036223036223036,4.906641259318182,-4.646411040227273,0.2068000009090909,3.2171590762272726,0.0,0.0
2011-07-31,-0.0074386851551588,0.2620036831757044,4.070004070004055e-05,4.79304989025,-4.508719487,0.21525,3.2290350028,0.0,0.0
2011-08-31,0.3743496855860062,0.3154462166418792,-0.0036630036630036,4.366345136652174,-4.068647229173913,0.1467913048260869,2.4655782447826087,0.0,0.0
2011-09-30,0.3729535351995716,0.2171547858084377,-0.0074074074074073,3.788988954761905,-3.562363379904762,0.138004761047619,2.1127333470000003,0.0,0.0
2011-10-31,0.3715677601026312,0.0675207527019328,-0.0149831649831649,3.3291460162,-3.1195442713,0.16809500085,2.29476998445,0.0,0.0
2011-11-30,0.2795302733238802,0.1847850055126887,-0.018859133975413,2.94827628735,-2.72516828875,0.1542400003,2.12417999505,0.0,0.0
2011-12-31,0.2787510796689929,0.0237708490154808,-0.0192948638229075,2.8541187472857144,-2.637425052142857,0.156428572,2.0791571594761904,0.0,0.0
2012-01-31,0.2779762179602185,0.2724196054096683,-0.0117191062471499,2.7249944209,-2.5073353834,0.1469550014,2.0593849957500003,0.0,0.0
2012-02-29,0.1487782487217703,0.2137446124946151,-0.01185920151193,2.50333948115,-2.230195799,0.1984750003,2.0496450125,0.0,0.0
2012-03-31,0.1485572278797864,0.2093470387029228,-0.0040160642570281,2.804983593909091,-2.5704028032272728,0.230554545590909,2.277136358363636,0.0,0.0
2012-04-30,0.1483368627485548,0.1660788350006825,-0.0040160642570281,2.6148478799047616,-2.335634929428571,0.2231047628571428,2.1373476074761903,0.0,0.0
2012-05-31,0.0480093324409791,-0.2068180132381081,0.0,2.5487782641363634,-2.265591857681818,0.2264999998636363,1.851045446,0.0,0.0
2012-06-30,0.0479862945413023,-0.0826363171310684,0.0,1.8631867177619048,-1.6226202585238094,0.2353619039523809,1.6563904626190475,0.0,0.0
2012-07-31,0.0479632787411032,0.0288809928060018,-0.0040650406504065,1.192514562809524,-0.930345438952381,0.2159476173809524,1.555395251285714,0.0,0.0
2012-08-31,0.0385468512534625,0.580952797585188,-0.0164107196627521,2.163808406565217,-1.893330955,0.2134652182173912,1.7378869573043476,0.0,0.0
2012-09-30,0.0385319983813303,0.4771266277542318,-0.0164107196627521,1.5220866654210523,-1.229683913,0.2066842097894737,1.7647684309999998,0.0,0.0
2012-10-31,0.0385171569510678,0.2696794580438588,-0.0166191832858499,1.5496224765238096,-1.2669377414761904,0.2225428585238095,1.7797714301904763,0.0,0.0
2012-11-30,0.3288535546212667,-0.1679344494426637,0.0043845043845044,1.77710381315,-1.4989348896,0.21839999715,1.6811850011499998,0.0,0.0
2012-12-31,0.3277756527360953,-0.0121081604677164,0.0086039136672047,1.831873855,-1.57555147335,0.20209500045,1.75035501115,0.0,0.0
2013-01-31,0.3267047939651268,0.1980788942180789,0.000377417940709,2.3977973448571426,-2.162511670809524,0.1848333328095238,1.9652904670476192,0.0,0.0
2013-02-28,0.0892121116043087,0.5429926752100966,-0.0169385993753082,2.528853615526316,-2.2833726438421054,0.1876105265789473,2.048336832263158,0.0,0.0
2013-03-31,0.0891325945346022,-0.2811919102589932,-0.0167135642135642,2.37790162885,-2.1357321526,0.18302000015,2.0214900017,0.0,0.0
2013-04-30,0.0890532190898962,-0.2087979266581219,-0.0085995291258449,1.8096118736818183,-1.5963099257272726,0.1663636368181818,1.7905636375454543,0.0,0.0
2013-05-31,0.2837978563614785,0.0414155489501633,5.847953216372067e-05,2.522147515636364,-2.352597360136364,0.1543681825,1.9861408851818183,0.0,0.0
2013-06-30,0.2829947234028074,0.2380408205508555,-0.0132748538011695,2.029915669715729,-1.84732737585,0.1707299992,2.4067449809,0.0,0.0
2013-07-31,0.2821961232643444,0.1957452300544337,-0.0134550989345509,2.129853740454545,-1.8903774942727276,0.1501954536818181,2.7140636335,0.0,0.0
2013-08-31,0.2905805844757525,0.2387290682696274,-0.0134550989345509,3.5426289061363634,-3.2828693282272727,0.1482181820909091,2.8984909057727277,0.0,0.0
2013-09-30,0.2897386601835361,0.03769446919335,-0.004566210045662,3.581047055,-3.397933635,0.14694500045,2.95414997335,0.0,0.0
2013-10-31,0.2889016005568567,0.0535231048539142,-0.0138888888888888,4.2567959788181815,-4.024584378227273,0.1588909098181818,2.7542408814545456,0.0,0.0
2013-11-30,-0.1150319950949274,0.184448942735238,-0.0235507246376811,4.434119304210526,-4.120486325210527,0.1495631597368421,2.8776842166842105,0.0,0.0
2013-12-31,-0.1151644710836397,0.2644169158479315,-0.0285258490157906,4.473476969380952,-4.100307124333334,0.1596142848095238,3.073033344190476,0.0,0.0
2014-01-31,-0.1152972525547357,0.2424175290453689,-0.0095864550763966,4.199278080142856,-3.898447055952381,0.1448904754285714,3.0064047744761906,0.0,0.0
2014-02-28,0.4306140430710981,0.1100778620244158,7.538067239557893e-05,4.142152422578948,-3.791301371947368,0.1318368424736842,2.8530263148421056,0.0,0.0
2014-03-31,0.4287677091035391,0.204205530106516,-0.0198251168400422,4.015353413666666,-3.6481301227619047,0.1355142859047619,2.852161907,0.0,0.0
2014-04-30,0.4269371405068778,0.1864185605097601,-0.0194992778045257,4.094442214666667,-3.704867527190476,0.1065761903333333,2.8267857232380957,0.0,0.0
2014-05-31,0.4051304697722635,0.1903005903547194,-0.0300812883865363,4.067709409428572,-3.688120787476191,0.0948142856666666,2.6597047532857143,0.0,0.0
2014-06-30,0.4034957854013532,0.1321132206079767,0.0002588143783278,4.094693179380952,-3.717381891428571,0.1247476192857142,2.7071333272857143,0.0,0.0
2014-07-31,0.4018742397812191,0.1125485286492811,-0.0104938737937151,3.995154689409091,-3.5557963432727275,0.1296681825454545,2.638777288545455,0.0,0.0
2014-08-31,0.1685777120706832,-0.0160001347379701,-0.0108408249603384,3.9029059049047614,-3.4983575102857145,0.1276047623333333,2.516490470714286,0.0,0.0
2014-09-30,0.1682940058860271,0.0071591004800808,-0.0276047408629039,3.873053117952381,-3.473960122904762,0.1400380943809523,2.6340190456190475,0.0,0.0
2014-10-31,0.1680112530179522,-0.0197913903241198,-0.0163804435605082,3.687513546227273,-3.3064682098636364,0.1259363639545454,2.401522734,0.0,0.0
2014-11-30,0.3001616591885581,-0.1882660152465964,-0.0169457346854376,3.6903243693888887,-3.3557171838333333,0.1632333339444444,2.425705538888889,0.0,0.0
2014-12-31,0.2992633852460846,-0.3084609444559238,0.0003060812951919,3.822692789909091,-3.455748353772727,0.2619727268181818,2.2807272998636363,0.0,0.0
2015-01-31,0.2983704716719604,-0.6370316441765556,-0.0172377783539307,3.0645643231,-2.8366044504000003,0.2224700011499999,1.95165500055,0.0,0.0
2015-02-28,0.2064683622529539,0.2534643680217385,-0.0118041315409735,3.105480118736842,-2.9118056255789475,0.2512421067368421,2.0690999910526315,0.0,0.0
2015-03-31,0.2060429487511283,0.2693951780812442,-0.0177565124933545,3.2727742598181817,-3.0678960712272727,0.3037545451363636,2.128486384045454,0.0,0.0
2015-04-30,0.2056192847137206,0.1042478896158938,0.0062850729517396,3.3534250671818184,-3.186508430590909,0.2675772729545454,2.018054544909091,0.0,0.0
2015-05-31,0.1334150204176154,0.3297745341246827,-0.0055114638447971,3.96457130475,-3.85258350815,0.2884500013,2.3062450052,0.0,0.0
2015-06-30,0.1332372618974453,0.2767920810460733,-0.0118007720208977,5.164440780545455,-5.012689227545454,0.3350727246363636,2.471886374590909,0.0,0.0
2015-07-31,0.1330599764281625,0.1586319780187306,-0.0305567074434998,5.948591505045456,-5.796886726909091,0.3281227255909091,2.4076909260000003,0.0,0.0
2015-08-31,0.0614930421545478,-0.0004201080517907,-0.0192355122987753,5.254235397380952,-5.032347173333333,0.4065190469047618,2.2417761825238096,0.0,0.0
2015-09-30,0.0614552514508703,-0.2247587519377591,-0.0129462041226747,5.032200097238095,-4.851508156761905,0.4215857145238095,2.2584333192857144,0.0,0.0
2015-10-31,0.0614175071673939,0.098948201669069,0.0001307189542483,5.887115384238095,-5.757925750809524,0.3657285699047619,2.1473190444285715,0.0,0.0
2015-11-30,0.1931731353483234,0.1194617491050875,0.0001307189542483,5.333049216578948,-4.98194191763158,0.5886315797368421,2.3638105392105264,0.0,0.0
2015-12-31,0.1928006961985362,-0.1075553426856057,-0.0132026143790849,6.8768770029545445,-6.348918668818183,0.748145453,2.3366500029545456,0.0,1.0
2016-01-31,0.1924296904157074,-0.0458443563073895,-0.0129248366013071,8.682706515105263,-8.200106191105263,0.7058578917368421,2.171821042052632,0.0,1.0
2016-02-29,0.1070413561460315,-0.1329675323582302,0.0004138321995465,9.84964061855,-9.33322181625,0.6064150036,1.8674349964,0.0,1.0
2016-03-31,0.1069269001420458,0.3134796238244419,0.0204138321995465,9.374532046045454,-8.868331596454546,0.6791545423181818,1.9756545587272727,0.0,1.0
2016-04-30,0.1068126886451192,0.3830645161290169,-0.0061384553821528,9.747549214,-9.340024222285717,0.5786285654761905,1.8674238182380956,0.0,1.0
2016-05-31,0.2364634183595448,0.236409586931785,-0.0059967320261437,7.751915364666667,-7.292265533190475,0.6268428535714285,1.874328584904762,0.0,1.0
2016-06-30,0.2359055879421756,0.2775957287827202,-0.0194661197812458,8.123069935045454,-7.595776038363637,0.6002454513636364,1.6975909200909092,0.0,1.0
2016-07-31,0.2353503832368986,-0.050370074347894,0.0070861678004535,7.738510332,-7.22596095765,0.56885999145,1.5410149992000002,0.0,1.0
2016-08-31,0.1847663709161562,0.1849221785831689,0.0069444444444444,6.425217494043478,-5.909943603913044,0.6122869563478262,1.602486968,0.0,1.0
2016-09-30,0.1844256144013734,0.2623209794425207,0.0070804988662132,4.471944818190476,-3.878654354952381,0.6609190475714286,1.6829666636666667,0.0,0.0
2016-10-31,0.1840861124574599,0.2342687497926876,-0.013469387755102,4.2725656174,-3.74842638495,0.6934449969,1.81384499075,0.0,0.0
2016-11-30,0.1622967366806005,0.1178947716771183,-0.0202721088435374,5.2919998086,-4.66695212295,0.7767650008,2.22298998825,0.0,0.0
2016-12-31,0.1620337611738742,0.2524522158776188,-0.0136054421768707,6.2885974454761895,-5.649870255619048,0.9000285722380952,2.5943142799523806,0.0,0.0
2017-01-31,0.1617716365067467,0.4043076694815628,-0.0070921985815603,5.52262584115,-4.9916811033,0.8712950021499999,2.5080199957,0.0,0.0
2017-02-28,0.1866241874370455,0.1592657357009752,-0.0215849522047486,5.385053511526316,-4.823401737736842,0.8811999999473684,2.497078970789474,0.0,0.0
2017-03-31,0.1862765503385821,-0.0467201626189517,-0.0215849522047486,4.873048159,-3.908987935478261,1.056695650521739,2.552926084304348,0.0,0.0
2017-04-30,0.1859302059648904,0.1234152821740774,-0.0144927536231883,5.011983554210526,-3.979336769736842,1.0694105186315788,2.3589947474210526,0.0,0.0
2017-05-31,0.2628413768515747,-0.0773977960056293,-0.0075757575757576,4.669040672863637,-3.510766237363636,1.1522227309090909,2.369813648090909,0.0,0.0
2017-06-30,0.2621523320525343,0.0651628661825221,-0.0075757575757576,4.266968820545454,-3.045844180181818,1.224349997227273,2.230800000136364,0.0,0.0
2017-07-31,0.2614668905015715,0.0327649971535448,0.0001761804087385,4.59997080485,-3.36993163315,1.24183999315,2.3664799809,0.0,0.0
2017-08-31,0.3756822089231004,0.3848626163288182,0.0001761804087385,4.400514821000001,-3.153399124043478,1.228313036521739,2.2567912805217394,0.0,0.0
2017-09-30,0.3742761201275035,0.5106389920997767,-0.0075757575757575,4.44386621735,-3.1753006133,1.2727199912,2.2392400265,0.0,0.0
2017-10-31,0.372880517394325,0.077505224501384,-0.0153276955602537,4.740765444047619,-3.451300234809524,1.394509531142857,2.3857666652857143,0.0,0.0
2017-11-30,0.27113660060607,0.2668007428251684,-0.015688445921004,4.676923698809524,-3.2698687946190472,1.5478428658571428,2.380457162714285,0.0,0.0
2017-12-31,0.2704034379165998,0.2106889244755105,-0.0160665892373209,4.72952597045,-3.20965190735,1.69676499355,2.4285700084,0.0,0.0
2018-01-31,0.2696742295287491,0.4253344363511546,-0.0077332559039876,4.513952077761904,-2.927653648761905,1.832785719952381,2.597519057142857,0.0,0.0
2018-02-28,0.1769417136709972,0.2692287600609022,-0.0079268292682926,5.014798610368421,-3.301666154736842,1.982499969631579,2.8904842076842105,0.0,0.0
2018-03-31,0.1766291829677913,0.0192362410782021,0.0002032520325203,4.646470560238096,-2.8218152994761905,2.0804333120000003,2.856890485380952,0.0,0.0
2018-04-30,0.1763177543588678,0.2604406656061986,-0.0247967479674796,3.6635317783333337,-1.8241275340476188,2.169609523952381,2.8639142854761905,0.0,0.0
2018-05-31,0.2078991417704845,0.2257949781598212,0.0008771929824561,3.3019596091818184,-1.5181241719545455,2.281468153045455,2.9839454348636365,0.0,0.0
2018-06-30,0.2074678179575073,0.090114517209483,-0.0157894736842105,3.2122712726666665,-1.6031251194761904,2.3356714134285714,2.920547621571429,0.0,0.0
2018-07-31,0.2070382801553139,0.0780820498928358,0.0008771929824561,3.0529700336666665,-1.3410867609523809,2.395499990142857,2.8921285697142856,0.0,0.0
2018-08-31,0.0472147397052369,0.1787320770339384,-0.025438596491228,3.139779856956522,-1.3945125907391305,2.4434173833043475,2.886969566347826,0.0,0.0
2018-09-30,0.0471924579090732,0.2062281702117419,0.0002370791844476,3.258516654631579,-1.416508675578947,2.5629999763157896,2.9962947242631577,0.0,0.0
2018-10-31,0.0471701971336502,0.2339580144498754,0.0002370791844476,3.4780547666818182,-1.5072787774545455,2.6659818237727277,3.149849999954545,0.0,0.0
2018-11-30,0.2081060274822022,-0.0704191919991159,0.0177809388335704,3.5578553799,-1.4932207394,2.71416499615,3.1186849951,0.0,0.0
2018-12-31,0.2076738456918025,0.0684893544581344,0.01731893837157,4.9739914954210525,-2.410305019210526,2.6540894633157897,2.824536825526316,0.0,0.0
2019-01-31,0.2072434552383706,-0.019385441928732,0.0006522717049033,9.331500210571429,-6.694203308619048,2.565147604238095,2.7002047810476197,0.0,0.0
2019-02-28,0.2783819469028392,0.2390015748779284,-0.008119658119658,9.095161278736844,-6.510137137894737,2.5204210532631577,2.6691368378947367,0.0,0.0
2019-03-31,0.2776091331930796,0.3473839619140939,-0.025438596491228,6.104608917285715,-3.491276286333333,2.4727190335238096,2.5725666909523808,0.0,0.0
2019-04-30,0.2768405984075128,0.3969284269990103,-0.0177809388335703,6.205976861333333,-3.661552418238096,2.4002761612857144,2.538619041380952,0.0,0.0
2019-05-31,0.3900006188636951,0.0309547785949604,-0.0177809388335703,4.938399898409092,-2.334458059772728,2.3267818365454542,2.409977284272727,0.0,0.0
2019-06-30,0.3884855229201234,-0.0513141917035553,0.0002502502502502,3.92464198285,-1.48716714725,2.0037649811,2.09069999455,0.0,0.0
2019-07-31,0.3869821532783257,0.2061459717274338,0.0002502502502502,3.813376192363636,-1.5410168276363636,1.978468185090909,2.0637681755,0.0,0.0
2019-08-31,0.2272926231880578,0.1462737352601939,-0.0090090090090089,3.081377913,-0.8670621173181818,1.7745590968181817,1.6359681866818183,0.0,0.0
2019-09-30,0.2267771753972969,0.1765218172374405,-0.0087444587444587,3.11678642795,-0.9983518393,1.8276800097,1.71443500515,0.0,0.0
2019-10-31,0.2262640601527588,0.2857577257895372,0.0002645502645503,1.161426022678819,0.6460163646363637,1.6562409129545452,1.7148954435454546,0.0,0.0
2019-11-30,-0.4641470286139815,0.2173034162118226,0.0095238095238095,0.024924992116974,1.6526394307368422,1.6455842068947368,1.832894733,0.0,0.0
2019-12-31,-0.4663113991170919,0.3153570749758527,0.0,0.8712281606258733,0.8123437593333334,1.6465571324761905,1.891790480809524,0.0,1.0
2020-01-31,-0.468496049600775,0.1627896185850907,-0.0092592592592592,1.904260515,-0.2118902657619047,1.577300015,1.7792237996666669,1.0,1.0
2020-02-29,-2.6363217459410397,0.0814555449607734,0.0764550264550265,2.722513787789474,-1.0335628940526316,1.4488157911578947,1.519863153736842,1.0,1.0
2020-03-31,-2.7077055768803926,-0.4335616861074975,0.3340307840307839,3.098271736809022,-2.5370552485909093,0.510940908590909,0.9458500037272728,1.0,1.0
2020-04-30,-2.783062721395701,-0.7872185461251346,0.2962814962814962,1.2736783708934072,-1.062503128952381,0.2145809524285714,0.7243095267619047,1.0,1.0
2020-05-31,2.61007502013606,-0.0874685659840945,0.2006169618109916,2.6105880745,-2.3773482532,0.1748250007,0.7108800023999999,1.0,1.0
2020-06-30,2.5436829859288856,0.4369440492754117,-0.0774716162775864,2.7113251738636364,-2.4214688411818184,0.2014181798636363,0.7538500023181818,1.0,1.0
2020-07-31,2.480584773103889,0.5027511226292525,-0.0413920310176732,2.557733303,-2.305325523590909,0.1639272747272727,0.6342136426818181,0.0,1.0
2020-08-31,0.3615751705384085,0.4386746064318325,-0.0370914997755786,2.530088676238095,-2.308777566047619,0.1494999996666667,0.6546190408571428,0.0,1.0
2020-09-30,0.3602725145793961,0.238231994788185,-0.0510614378834478,2.4852071431904763,-2.270364133857143,0.1433571435238095,0.6804952337619048,0.0,1.0
2020-10-31,0.3589792111485801,0.09883512992781,-0.0401324761348139,2.7985013973333333,-2.589175618904762,0.1412904766190476,0.7926190522857143,0.0,1.0
2020-11-30,0.460062046304599,0.2024695911420515,0.0103890362511052,3.102719110947368,-2.917846272631579,0.1383421052631578,0.8783105263157894,0.0,1.0
2020-12-31,0.4579551683857596,0.4685349273234163,0.0166232073011733,4.15260925590909,-3.950313330727273,0.1171409090909091,0.9412363636363636,0.0,1.0
2021-01-31,0.4558674996103073,0.2347014711775008,0.0042775282888276,6.181060093052632,-5.968712044263159,0.1092842105263157,1.095442105263158,0.0,1.0
2021-02-28,0.5233482912747833,0.3761660003807288,-0.0470045229932236,5.968739049263157,-5.76393020631579,0.0865157894736842,1.298678947368421,0.0,1.0
2021-03-31,0.520623616474003,0.4839969958807089,-0.0187559354226021,4.654424249565217,-4.393820550391304,0.0819521739130434,1.7122043478260869,0.0,1.0
2021-04-30,0.5179271653351192,0.6628566251689394,0.0066616390145801,5.729970694272727,-5.494087053136363,0.07685,1.7288227272727277,0.0,1.0
2021-05-31,0.2842831320733818,0.6652416844789455,0.0319398199531385,6.34270687565,-6.14171666325,0.067185,1.7183199999999998,0.0,1.0
2021-06-30,0.2834772540568187,0.7878738209831537,0.0200350580483766,3.531377197636364,-3.359159287136364,0.0891772727272727,1.6077818181818182,0.0,1.0
2021-07-31,0.2826759320866845,0.4453742067349386,-0.0115553558949785,2.588861668285714,-2.4698970623809524,0.092647619047619,1.3798095238095238,0.0,1.0
2021-08-31,0.6010529703475154,0.4069707540365952,-0.0565670712729536,2.6246584435454547,-2.489516778636364,0.0870727272727272,1.3365954545454546,0.0,1.0
2021-09-30,0.5974619078039645,0.4243779088943578,-0.0588467065313123,2.603079312238095,-2.4201898203333334,0.0911571428571428,1.4241095238095238,0.0,1.0
2021-10-31,0.5939135008709462,0.9101259725283528,-0.0699578176424234,2.62028246055,-2.50131364705,0.14536,1.64112,0.0,1.0
2021-11-30,-0.0858181558540782,0.7916187500452088,-0.0600741893943762,2.4067744222000003,-2.2448931387,0.2064649999999999,1.621885,0.0,1.0
2021-12-31,-0.0858918666700736,0.7807370358543286,-0.037342783684247,2.4126679177272727,-2.397446850318182,0.3592954545454545,1.5359636363636364,0.0,1.0
2022-01-31,-0.0859657042181383,0.6094977695656922,-0.024379820721284,2.53818127535,-2.54534545295,0.602125,1.850505,0.0,1.0
2022-02-28,0.0233931477799487,0.7116090290482324,-0.0256635177687808,2.6904644715789474,-2.494504035894737,1.0414315789473685,2.0097894736842106,0.0,1.0
2022-03-31,0.0233876766662088,1.0055865921787532,-0.0249512670565301,2.9568923050869564,-2.873829324043478,1.4133434782608696,2.179491304347826,0.0,1.0
2022-04-30,0.0233822081109558,0.3962125006957251,-0.0172936093988725,3.10993043305,-2.82346016505,1.9454,2.798135,0.0,1.0
2022-05-31,0.2244027335154941,0.9206163313248528,0.0002502502502502,3.602510893952381,-3.019043531904762,2.0946666666666665,2.9698333333333333,0.0,1.0
2022-06-30,0.2239002951328839,1.1879094167570825,-0.0182682682682682,3.773553937809524,-2.516340874619048,2.668823809523809,3.220928571428572,0.0,1.0
2022-07-31,0.2234001016459652,-0.0339295893162616,0.0002645502645503,3.81596244255,-2.92601825535,3.0197,2.968315,0.0,1.0
2022-08-31,0.2759426415134491,0.2348724493259402,-0.0089947089947089,3.968639863478261,-1.0648525891304348,3.2031391304347827,2.927452173913044,0.0,0.0
2022-09-30,0.2751832934644538,0.412772585669785,0.0097883597883598,4.107152315095238,-1.5452040759523809,3.863928571428571,3.559552380952381,0.0,0.0
2022-10-31,0.2744281131445092,0.4883000212451138,0.0002645502645503,4.48629130565,-1.02429970525,4.424885,4.0375,0.0,0.0
2022-11-30,0.2306812643549483,0.2050425018541135,0.0002645502645503,0.7051894974270081,3.93340038105,4.680085,3.94066,0.0,0.0
2022-12-31,0.2301503506162205,0.1312801827205723,-0.0187830687830687,8.209047424636155e-05,4.995146875571429,4.590847619047619,3.6055380952380953,0.0,0.0
2023-01-31,0.2296218750656775,0.517074149637109,0.0008247743541861,0.0499925676771099,5.16107933085,4.619185,3.515125,0.0,0.0
2023-02-28,0.2023246286414037,0.3700055900125232,0.0008247743541861,1.1612350280195385,3.5815852768421053,4.905605263157895,3.7333421052631577,0.0,0.0
2023-03-31,0.2019161026365568,0.0530419561873385,0.0008247743541861,3.763641294051988,0.9295189030869564,4.694652173913044,3.694017391304348,0.0,0.0
2023-04-30,0.201509223066898,0.3677834914912914,0.0106286959228136,4.2545928851,1.24387405735,4.56079,3.4850699999999994,0.0,0.0
2023-05-31,0.3571742624410401,0.1241260010959921,0.0108789461730638,3.1769085195454547,2.689011820909091,4.760540909090909,3.608513636363636,0.0,0.0
2023-06-30,0.355903068281882,0.1803530567699995,0.0111434964376141,0.9331335001074444,4.824664845285715,5.1461,3.7538238095238095,0.0,0.0
