DATE,gdp_percent_change,inflation_percent_change,unemployment_percent_change,LongTermRate,Slope
1961-06-30,0.6360504335948924,0.0,-2.8169014084506894,0.16011028070468958,0.46366114003098513
1961-07-31,0.6320304014858058,0.2680965147453085,1.4492753623188248,0.16391065053644935,0.4463480971963607
1961-08-31,0.6538898701333062,0.06684491978610207,-5.714285714285716,0.16993477144133193,0.45245938707531236
1961-09-30,0.6496419273780418,0.13360053440214514,1.5151515151515138,0.16537545871549475,0.4529674046936365
1961-10-31,0.6454488212156662,0.0,-2.985074626865669,0.15266665885175806,0.45511959117673173
1961-11-30,0.5945543988205237,0.0,-6.153846153846154,0.09017789137701968,0.5007676012986545
1961-12-31,0.5910403424655986,0.10006671114075605,-1.6393442622950727,0.004059013911516327,0.5611446699607477
1962-01-31,0.5875675810224967,0.09996667777407708,-3.3333333333333326,0.10897271709953174,0.4933120581547258
1962-02-28,0.30158479697572904,0.23302263648468102,-5.1724137931034475,0.16138545407433968,0.45997902862568607
1962-03-31,0.30067799784638805,0.19926934573231136,1.8181818181818077,0.16625875248167618,0.45465010810662054
1962-04-30,0.29977663546085775,0.13258203513424327,0.0,0.16439493097937166,0.45590297524069845
1962-05-31,0.4098555550779537,0.09930486593843213,-1.7857142857142794,0.16284025991478326,0.45471089559329014
1962-06-30,0.40818259603325746,-0.09920634920633775,0.0,0.17226930563692466,0.45362459050637305
1962-07-31,0.4065232389231399,0.033101621979469975,-1.8181818181818077,0.1666077633427776,0.46581169283570817
1962-08-31,0.10980062394889689,0.19854401058903015,5.555555555555558,0.175127299864453,0.4568447600324047
1962-09-30,0.10968019441106591,0.4623513870541718,-1.7543859649122862,0.17354073494591735,0.45925929687790673
1962-10-31,0.10956002875852633,-0.13149243918475495,-3.5714285714285587,0.17608534835791617,0.45261770727371375
1962-11-30,0.36403014194847927,0.0,5.555555555555558,0.17477611734882728,0.4540397230630733
1962-12-31,0.3627097690612979,0.0,-3.508771929824561,0.1698011433755547,0.46052762529485075
1963-01-31,0.3613989398013606,0.19749835418039208,3.6363636363636376,0.16365081011372698,0.46410508499762504
1963-02-28,0.374138110822142,0.13140604467805073,3.5087719298245723,0.16902599836819368,0.45283819390556257
1963-03-31,0.3727435352013142,0.09842519685039353,-3.3898305084745783,0.17192412550467953,0.4505708552126867
1963-04-30,0.3713593173535257,-0.0983284169124965,0.0,0.17311234753117366,0.4532183652625533
1963-05-31,0.7329436638666031,0.09842519685039353,3.5087719298245723,0.16620271953727292,0.4616006568662921
1963-06-30,0.7276106874354316,0.32776138970829205,-5.084745762711873,0.1692441197739496,0.46415793795311505
1963-07-31,0.7223547570221367,0.2613524991832872,0.0,0.16585281926303239,0.4719667792311568
1963-08-31,0.21863491523050893,0.19550342130987275,-3.5714285714285587,0.16447667508928876,0.4724100109594872
1963-09-30,0.2181579457906535,-0.09756097560975618,1.8518518518518379,0.17073874244706572,0.46727567083602056
1963-10-31,0.21768305291409717,0.09765625,0.0,0.1711993753106499,0.471249822978914
1963-11-30,0.7029045283212243,0.09756097560975618,3.6363636363636376,0.16819756869537703,0.4800097478586634
1963-12-31,0.6979982668956275,0.32488628979856493,-3.508771929824561,0.1659149428318119,0.4996418373184482
1964-01-31,0.6931600219555634,0.19430051813471572,1.8181818181818077,0.16754212804087368,0.4951074322277561
1964-02-29,0.3630227928405283,-0.09696186166774368,-3.5714285714285587,0.1659915247488234,0.7432306257557197
1964-03-31,0.36170970417046533,0.09705596894209467,0.0,0.16882969396381367,1.0
1964-04-30,0.3604060804032194,0.03232062055591456,-1.85185185185186,0.16995819142952828,0.6172971607880793
1964-05-31,0.5208672200811115,0.09693053311794486,-3.7735849056603765,0.1682898829278655,0.46685329684775934
1964-06-30,0.5181682515141173,0.09683666881858954,1.9607843137255054,0.16716077656583544,0.47096265239156726
1964-07-31,0.5154971091569704,0.032247662044504466,-5.769230769230771,0.1735663829521001,0.46808728541324607
1964-08-31,0.10306369553063632,0.09671179883945502,2.0408163265306145,0.17748773880031293,0.4693742689143551
1964-09-30,0.10295758364009533,0.09661835748790981,2.0000000000000018,0.1705628509931159,0.4742229587983822
1964-10-31,0.10285169002530736,0.12870012870014325,0.0,0.16901659898014637,0.47561088510091665
1964-11-30,0.8066360400897254,0.2892030848329119,-5.882352941176472,0.16591512839905306,0.4829392807479736
1964-12-31,0.8001814878228375,0.1281640499839698,4.166666666666674,0.1650467191687171,0.5249545009979872
1965-01-31,0.7938294118245093,0.09600000000000719,-1.9999999999999907,0.1792961414991225,0.48334279959339704
1965-02-28,0.42115694289608374,0.0,4.081632653061207,0.19403580538144727,0.47205742086670477
1965-03-31,0.4193906500555178,0.09590792838873874,-7.843137254901955,0.1696258611157634,0.48399153278183826
1965-04-30,0.41763911067436155,0.2235707441711865,2.127659574468077,0.17036863306904929,0.48751899762266254
1965-05-31,0.7410534894645382,0.31867431485022024,-4.166666666666674,0.16798622695157245,0.4965684812941538
1965-06-30,0.7356022830772302,0.41296060991105055,0.0,0.16912665682981448,0.4957965728816624
1965-07-31,0.730230689453859,-0.0949066751028238,-4.347826086956507,0.1696102423021302,0.49136093834358613
1965-08-31,0.7679672376499358,-0.09499683343887622,0.0,0.17091168838784274,0.49491216404219557
1965-09-30,0.7621144483730635,0.22187004754359307,-2.272727272727282,0.19412963613300108,0.48294644516651136
1965-10-31,0.7563501942622786,0.0948766603415585,-2.3255813953488302,0.17530654529037412,0.49860747640134856
1965-11-30,0.8112784371384407,0.3159557661927437,-2.3809523809523947,0.17975599844561274,0.5059452968930366
1965-12-31,0.8047496765397399,0.31496062992126816,-2.4390243902438935,0.18631892073373532,0.5614995689916589
1966-01-31,0.7983251574176675,0.09419152276295417,0.0,0.19007458599029803,0.6051418929720498
1966-02-28,0.11382348863711034,0.6273525721455453,-5.000000000000004,0.19770019193554325,0.7565819771897393
1966-03-31,0.11369407807104714,0.31172069825435855,0.0,0.1969522692686796,0.9677711051120822
1966-04-30,0.11356496143515304,0.3107520198881275,0.0,0.19072540489419934,0.7369031031356881
1966-05-31,0.2822775235679531,0.21685254027261625,2.6315789473684292,0.1929743270555956,0.3861561813776147
1966-06-30,0.28148296043792875,0.09273570324574987,-2.564102564102566,0.19510423439355543,0.3218248144843091
1966-07-31,0.28069285787188925,0.21618282890674134,0.0,0.20583660401100276,0.4957719299752865
1966-08-31,0.27346780963026784,0.6163328197226425,0.0,0.22032252483644724,0.7221674147907836
1966-09-30,0.27272200274297553,0.3062787136294043,-2.631578947368407,0.21806957383551023,0.8220753470621321
1966-10-31,0.2719802527506143,0.3053435114503955,0.0,0.20799545723953264,0.6006342803488629
1966-11-30,0.2952644381596592,0.09132420091324533,-2.7027027027027084,0.21227012690340213,0.5215915074106754
1966-12-31,0.2943951938445988,0.12165450121655041,5.555555555555558,0.197330470594863,0.5825001775358657
1967-01-31,0.2935310525334911,-0.060753341433783525,2.6315789473684292,0.1862438265393157,0.5512155320348604
1967-02-28,0.02045048979539832,0.3039513677811634,-2.564102564102566,0.1876706042290233,0.7555367501021091
1967-03-31,0.02044630842517048,0.0,0.0,0.18190290416567226,0.7878387436908473
1967-04-30,0.020442128764486256,0.3030303030303161,0.0,0.18643482055608807,0.48400881846488414
1967-05-31,0.3153586754347293,0.0,0.0,0.19564552878105207,0.48273757446732235
1967-06-30,0.3143672909101447,0.6042296072507503,2.6315789473684292,0.20365239325810305,0.5324603058409574
1967-07-31,0.313382120029182,0.30030030030030463,-2.564102564102566,0.20596342301519108,0.48699401433255124
1967-08-31,0.25128444057043176,0.29940119760478723,0.0,0.20938601269281862,0.6673556741216419
1967-09-30,0.2506545845997632,0.29850746268658135,0.0,0.2133704286337455,0.7885084939442328
1967-10-31,0.2500278782601173,0.29761904761904656,5.263157894736836,0.22439828590008754,0.4955856514332404
1967-11-30,0.6797570128944441,0.5934718100890191,-2.500000000000002,0.23134884418297277,0.4778675270839094
1967-12-31,0.675167514366759,0.2949852507374784,-2.564102564102566,0.23028109374689004,0.5022296206432852
1968-01-31,0.670639573825782,0.2941176470588225,-2.631578947368407,0.22235056056347657,0.48472742324365
1968-02-29,0.556791001498147,0.2932551319648091,2.7027027027026973,0.22577737009047993,0.6614504193945177
1968-03-31,0.5537080051509102,0.29239766081869956,-2.631578947368407,0.23015849690677748,0.9773916024849476
1968-04-30,0.5506589623950342,0.291545189504383,-5.405405405405405,0.22592518120183636,0.8378260170632729
1968-05-31,0.2581728536812822,0.29069767441860517,0.0,0.23775016631900675,0.6264825803410334
1968-06-30,0.2575080378315775,0.5797101449275477,5.714285714285716,0.49850267978277374,0.4373688910821408
1968-07-31,0.25684663709613087,0.5763688760806795,0.0,0.9985700347152017,0.0
1968-08-31,0.13092469967501685,0.2865329512893977,-5.405405405405405,0.44469917464345204,0.3641516437074787
1968-09-30,0.13075351103339905,0.28571428571428914,-2.857142857142858,0.2254676946947597,0.5058791707467999
1968-10-31,0.13058276947748304,0.5698005698005604,0.0,0.22950761396353467,0.5069206379346395
1968-11-30,0.5214768897025657,0.28328611898016387,0.0,0.23227492439644132,0.5169769881748036
1968-12-31,0.5187716156167754,0.5649717514124353,0.0,0.24407003425433066,0.5675924976094586
1969-01-31,0.5160942650598299,0.2808988764045006,0.0,0.2432970663427373,0.5528593576536376
1969-02-28,0.10111798206158262,0.28011204481790397,0.0,0.24481149040163633,0.555347990993212
1969-03-31,0.10101583688577609,0.8379888268156499,0.0,0.24657270995337505,0.5237834764507946
1969-04-30,0.1009138978673052,0.5540166204986097,0.0,0.2439615558211258,0.7177598591021173
1969-05-31,0.21998411837316212,0.27548209366392573,0.0,0.2515082761234264,0.560413518711624
1969-06-30,0.21950125048244562,0.5494505494505475,2.941176470588247,0.2544614891061222,0.2751905757998336
1969-07-31,0.2190204977510879,0.5464480874316724,0.0,0.2404517267224252,0.5132188531203915
1969-08-31,-0.1627363501168544,0.27173913043478937,0.0,0.23233069164948214,0.5301428119336983
1969-09-30,-0.16300161299245275,0.5420054200542035,5.714285714285716,0.26165711924346735,0.5148740831427789
1969-10-31,-0.1632677420455031,0.5390835579514697,0.0,0.12934688215196166,0.5980425349308864
1969-11-30,-0.0496305712262779,0.536193029490617,-5.405405405405405,0.06705993779507667,0.6513741076321303
1969-12-31,-0.049655215393307195,0.5333333333333412,0.0,0.10759289868554846,0.6360132440740781
1970-01-31,-0.04967988404674939,0.5305039787798282,11.428571428571432,1.1698645170931858e-07,0.6963603057074521
1970-02-28,0.047239471672533284,0.5277044854881341,7.692307692307709,0.03540715152324742,0.6550165245680137
1970-03-31,0.04721716653253161,0.5249343832020914,4.761904761904767,0.17403567600696127,0.5511083990818106
1970-04-30,0.047194882446288666,0.5221932114882533,4.545454545454519,0.16966081726531976,0.5503411398236451
1970-05-31,0.30715579498548085,0.25974025974027093,4.347826086956519,0.2835654451720511,0.484550383602056
1970-06-30,0.3062152371394955,0.5181347150258864,2.083333333333348,0.2971457035833874,0.4721879084647489
1970-07-31,0.30528042197139893,0.2577319587628857,2.0408163265306145,0.2968353159174095,0.4579496346945495
1970-08-31,-0.3571910577354065,0.25706940874037354,2.0000000000000018,0.2907333832469572,0.4681188731268896
1970-09-30,-0.35847148582731636,0.512820512820511,5.882352941176494,0.2977618664695187,0.462889082919214
1970-10-31,-0.35976112688428374,0.5102040816326481,1.8518518518518379,0.29048518292152076,0.45092211935002474
1970-11-30,0.905383075279631,0.5076142131979822,7.272727272727275,0.2812220080804518,0.43283180959407075
1970-12-31,0.8972594401670086,0.5050505050504972,3.3898305084745672,0.26575138848491514,0.4383348608612173
1971-01-31,0.8892802888259776,0.2512562814070307,-3.2786885245901565,0.268712820142031,0.42128586326019735
1971-02-28,0.1802722294365955,0.0,0.0,0.27887135278563535,0.4107359514798314
1971-03-31,0.17994783346537702,0.25062656641603454,1.6949152542372836,0.2873838435335225,0.3880987403062266
1971-04-30,0.17962460288412085,0.24999999999999467,-1.6666666666666607,0.2678811312614417,0.41086878170947616
1971-05-31,0.27414894181359006,0.4987531172069737,0.0,0.27033809875500603,0.41862936909296833
1971-06-30,0.27339942019619645,0.496277915632759,0.0,0.27531927754689495,0.4322898337640334
1971-07-31,0.27265398577993594,0.24691358024691024,1.6949152542372836,0.28113602183554853,0.4306463530832018
1971-08-31,0.07828821370940986,0.24630541871921707,1.6666666666666607,0.270284534151195,0.44205675621421014
1971-09-30,0.07822697121102618,0.24570024570023108,-1.6393442622950727,0.25427419437058746,0.45139639473563875
1971-10-31,0.07816582445403508,0.2450980392156854,-3.3333333333333326,0.22895004618675655,0.4687669146239381
1971-11-30,0.6124053039890942,0.24449877750611915,3.4482758620689724,0.24950867920732098,0.44450155444066625
1971-12-31,0.6086777292906964,0.24390243902439046,0.0,0.26041439708746605,0.432382723677361
1972-01-31,0.6049952578926598,0.24330900243310083,-3.3333333333333326,0.2615149784614295,0.4140959119293838
1972-02-29,0.7564291685848046,0.4854368932038833,-1.724137931034475,0.2622304364189311,0.40443603193102795
1972-03-31,0.7507502745250694,0.0,1.754385964912264,0.25782316719796217,0.4191318338290224
1972-04-30,0.7451560137065272,0.24154589371980784,-1.724137931034475,0.2593557729108774,0.42060056044006305
1972-05-31,0.31469654385840595,0.24096385542169418,0.0,0.25906468563886775,0.4226090443496633
1972-06-30,0.3137093114973677,0.24038461538462563,0.0,0.25676229719477334,0.43575504464759574
1972-07-31,0.3127282538453624,0.23980815347719453,-1.7543859649122862,0.2510970574634667,0.42953357436492123
1972-08-31,0.5581452833266942,0.23923444976077235,0.0,0.2578622863552118,0.4334042515734532
1972-09-30,0.5550473129293465,0.4773269689737569,-1.7857142857142794,0.26580152069176205,0.4467144880057846
1972-10-31,0.5519835431055276,0.23752969121140222,1.8181818181818077,0.25756377825259186,0.44453695798833853
1972-11-30,0.8249805769519059,0.4739336492890933,-5.357142857142849,0.25495529502535946,0.4468777709476055
1972-12-31,0.8182303356084386,0.2358490566037874,-1.8867924528301772,0.255525726491334,0.4564684115370315
1973-01-31,0.8115896627868269,0.47058823529413374,-5.769230769230771,0.2549307164190268,0.46707803222501665
1973-02-28,0.36291447802201393,0.7025761124121788,2.0408163265306145,0.25680008295270185,0.4750486443893378
1973-03-31,0.36160217138918593,0.9302325581395321,-1.9999999999999907,0.2554913809182589,0.4961862526498353
1973-04-30,0.36029932122014774,0.691244239631339,2.0408163265306145,0.2589131774021078,0.4884061559293169
1973-05-31,-0.17527944294608577,0.4576659038901587,-1.9999999999999907,0.2644883309348251,0.38034439942589277
1973-06-30,-0.1755872112318313,0.6833712984054774,0.0,0.26077361983372305,0.01803768687907853
1973-07-31,-0.17589606222213616,0.0,-2.0408163265306256,0.27039628651187914,0.2242297375952786
1973-08-31,0.31641028023183804,1.8099547511312153,0.0,0.2771545238953629,0.5593722782260433
1973-09-30,0.31541228334222016,0.4444444444444473,0.0,0.28466611418508436,0.556173615146549
1973-10-31,0.31442056226747006,0.8849557522123908,-4.166666666666674,0.27412101676057526,0.523235003976664
1973-11-30,-0.2865684216048936,0.6578947368421018,4.347826086956519,0.2625217139243569,0.45690859573802867
1973-12-31,-0.2873919963125582,0.8714596949890963,2.083333333333348,0.26468595047855104,0.4340819979944594
1974-01-31,-0.2882203184394805,1.0799136069114423,4.081632653061207,0.2750818523907359,0.5409204060792452
1974-02-28,0.07923233689635101,1.0683760683760646,1.9607843137255054,0.2800301999037185,0.5258505347287799
1974-03-31,0.07916960896505731,1.0570824524312794,-1.9230769230769384,0.2833507920594663,0.5611103822382679
1974-04-30,0.0791069802781097,0.6276150627615218,0.0,0.2950346677675268,0.5495412267611757
1974-05-31,-0.31509246150025483,1.039501039501034,0.0,0.2927415367044511,0.5440041138083352
1974-06-30,-0.3160884323221924,0.8230452674897082,5.882352941176494,0.2989854165221369,0.5382595435769328
1974-07-31,-0.3170907194061878,0.6122448979591688,1.8518518518518379,0.10725095528988457,0.647063283695875
1974-08-31,-0.12946859073488248,1.2170385395537497,0.0,0.2904202212373617,0.5565420693420825
1974-09-30,-0.12963642919284757,1.4028056112224574,7.272727272727275,0.3175385475564833,0.4984153500539154
1974-10-31,-0.12980470337521366,0.7905138339920903,1.6949152542372836,0.027190043611414152,0.6752868066168531
1974-11-30,-0.40587811042952504,0.9803921568627416,9.999999999999986,0.014348598049229278,0.67449512717753
1974-12-31,-0.40753219439956245,0.7766990291262044,9.090909090909104,0.2898984747781561,0.5390795245226137
1975-01-31,-0.4091998153866738,0.7707129094412402,12.5,0.29276968739405246,0.5300146533944362
1975-02-28,0.2382337298113324,0.5736137667304186,0.0,0.2983934440948039,0.46967456935673657
1975-03-31,0.23766752560054893,0.3802281368821214,6.172839506172845,0.3033847700562506,0.4659206103981472
1975-04-30,0.23710400637548812,0.37878787878788955,2.3255813953488413,0.317985234139459,0.49927490588549156
1975-05-31,0.5706815387444664,0.18867924528302993,2.2727272727272707,0.3173515264894939,0.4436766573572927
1975-06-30,0.5674432449029432,0.7532956685499137,-2.2222222222222143,0.3105221624378017,0.4386096387534757
1975-07-31,0.5642414946565921,0.9345794392523255,-2.272727272727282,0.3045652736344676,0.45699106268242695
1975-08-31,0.44903096513253526,0.37037037037037646,-2.3255813953488302,0.3147153040641486,0.4555014670001989
1975-09-30,0.4470236903414193,0.7380073800737907,0.0,0.31728236068513194,0.4576506937214727
1975-10-31,0.4450342816721964,0.5494505494505475,0.0,0.32055163190352337,0.44228075044910187
1975-11-30,0.7498225410823567,0.7285974499089187,-1.1904761904761862,0.3242191203125106,0.4303466861142957
1975-12-31,0.744242046457777,0.5424954792043524,-1.2048192771084487,0.3186977062353004,0.4319302448433675
1976-01-31,0.7387440029720027,0.3597122302158251,-3.658536585365846,0.3160509371156536,0.4318599719105016
1976-02-29,0.24445801255994493,0.17921146953405742,-2.5316455696202556,0.3155292567934809,0.4259786192207818
1976-03-31,0.24386187267260162,0.17889087656530744,-1.2987012987013102,0.31211244097304147,0.42458881778917146
1976-04-30,0.24326863322798875,0.17857142857142794,1.3157894736842257,0.3097893822525843,0.42088502480470213
1976-05-31,0.18246919491420321,0.5347593582887722,-3.8961038961038974,0.3146847972146056,0.42744930060841363
1976-06-30,0.18213685126804435,0.5319148936170359,2.7027027027026973,0.3139902994602441,0.4349023949698091
1976-07-31,0.1818057160613895,0.5291005291005346,2.6315789473684292,0.3168966755780813,0.4282767460708423
1976-08-31,0.24086785705828007,0.5263157894736858,0.0,0.31865432396529175,0.4258964021461117
1976-09-30,0.24028907790558662,0.523560209424101,-2.564102564102566,0.3173732552526825,0.424740322317595
1976-10-31,0.2397130735714903,0.5208333333333259,1.3157894736842257,0.32904113397808904,0.4156582339334791
1976-11-30,0.39541104928086934,0.3454231433505983,1.298701298701288,0.3299853167589763,0.4091110728751636
1976-12-31,0.39385370820066434,0.5163511187607606,0.0,0.31289307839879443,0.4105092718237367
1977-01-31,0.3923085862859832,0.5136986301369939,-3.8461538461538436,0.30004746272197236,0.4268148509636772
1977-02-28,0.6473078406498134,1.0221465076660996,1.3333333333333197,0.30752911037594843,0.4202621254991514
1977-03-31,0.6431447144862323,0.5059021922428464,-2.631578947368407,0.31234038731089525,0.41636560134529443
1977-04-30,0.6390347959722043,0.6711409395973034,-2.7027027027027084,0.3138987051155066,0.4130346623679796
1977-05-31,0.6010549907385476,0.33333333333334103,-2.777777777777779,0.31798847317420875,0.425765273655948
1977-06-30,0.5974639041249397,0.4983388704318914,2.857142857142869,0.3183475398786716,0.4273140541821311
1977-07-31,0.5939154735494778,0.49586776859502635,-4.1666666666666625,0.31314848775295573,0.43356718928476534
1977-08-31,0.000664259880900353,0.49342105263159297,1.4492753623188248,0.3045642360691848,0.4516034868141117
1977-09-30,0.0006642554685187818,0.3273322422258529,-2.857142857142858,0.30528809214416314,0.4582775564771091
1977-10-31,0.000664251056203824,0.4893964110930016,0.0,0.3047377097968123,0.4705327067372358
1977-11-30,0.10661404652363426,0.6493506493506551,0.0,0.3067520767819445,0.4686381423135555
1977-12-31,0.10650050202887229,0.4838709677419395,-5.88235294117646,0.31172749942026695,0.462948718963407
1978-01-31,0.1063871991276999,0.6420545746388617,0.0,0.32098606941052604,0.466089043316748
1978-02-28,1.288257561266537,0.4784688995215225,-1.562500000000011,0.32413198381501535,0.4635153182114585
1978-03-31,1.2718725667556274,0.6349206349206327,0.0,0.32178888362502933,0.46117622402701963
1978-04-30,1.2558991302518363,0.7886435331230235,-3.1746031746031744,0.3225337064492193,0.46056020497999794
1978-05-31,0.335249584922348,0.9389671361502261,-1.6393442622950727,0.3253584084762298,0.45642986082153497
1978-06-30,0.33412941743726776,0.7751937984496138,-1.6666666666666607,0.33066301553717015,0.465957785413935
1978-07-31,0.3330167106420312,0.7692307692307665,5.084745762711851,0.33692757202402185,0.4623639624526814
1978-08-31,0.44804180695001694,0.6106870229007688,-4.8387096774193505,0.3263721997679911,0.46678031613779675
1978-09-30,0.44604334628155495,0.9104704097116834,1.6949152542372836,0.32555955046804536,0.4770241038286485
1978-10-31,0.4440626344472731,0.9022556390977376,-3.3333333333333326,0.3310595528885416,0.47701351858247615
1978-11-30,0.059864604596993054,0.5961251862891315,1.7241379310344973,0.3306550571093955,0.5040931979536621
1978-12-31,0.05982878832941907,0.5925925925926112,1.6949152542372836,0.337411859227897,0.5133850151394658
1979-01-31,0.05979301489309474,0.8836524300441795,-1.6666666666666607,0.3396440259154189,0.5133926823854194
1979-02-28,0.0355817627418098,1.0218978102189746,0.0,0.3423789626647684,0.5130978669395982
1979-03-31,0.03556910662667612,1.0115606936416333,-1.6949152542372947,0.3442446587064293,0.5196877021426861
1979-04-30,0.03555645951167641,1.0014306151645114,0.0,0.34741203732713366,0.5237316493201334
1979-05-31,0.2476015625481498,1.1331444759207,-3.4482758620689724,0.3486105478782876,0.5238507804556607
1979-06-30,0.24699001142054477,1.1204481792717047,1.7857142857143016,0.34067853567295886,0.506957185509496
1979-07-31,0.2463814737902803,1.1080332409972193,0.0,0.34057715736695504,0.429139077022107
1979-08-31,0.0833483898313947,0.9589041095890538,5.263157894736836,0.34381553750806226,0.5252262042359613
1979-09-30,0.08327897814404128,0.9497964721845387,-1.6666666666666607,0.35114923922986946,0.5255783491340552
1979-10-31,0.08320968197117473,1.0752688172043001,1.6949152542372836,0.3794359559275218,0.5616657405725526
1979-11-30,0.10485705130875989,1.0638297872340496,-1.6666666666666607,0.4018806868767232,0.5697961613408592
1979-12-31,0.10474721646624996,1.1842105263157876,1.6949152542372836,0.40816299356127445,0.5728479415924439
1980-01-31,0.10463761148085116,1.4304291287386084,5.000000000000004,0.4240688259553552,0.5540292791687997
1980-02-29,-0.6868116213858522,1.2820512820512775,0.0,0.498638682629065,0.5095559502466838
1980-03-31,-0.6915613450728331,1.3924050632911245,0.0,0.5784200114890782,0.5395626005197621
1980-04-30,-0.6963772207474017,0.998751560549338,9.523809523809534,0.46980384503396105,0.5831294752912193
1980-05-31,-0.03961824992940732,0.9888751545117369,8.695652173913038,0.4492433660373061,0.4424026533064425
1980-06-30,-0.039633952207640544,0.9791921664626724,1.3333333333333197,0.5776710664323218,0.31786587764206636
1980-07-31,-0.03964966693769112,0.12121212121212199,2.6315789473684292,0.9723962590471505,0.08713402110441176
1980-08-31,0.6216411067155425,0.7263922518159882,-1.2820512820512775,0.547489870452742,0.3803419473271955
1980-09-30,0.6178006042022899,0.8413461538461675,-2.5974025974025983,0.5386258431015208,0.421024402403449
1980-10-31,0.6140072636177996,0.9535160905840279,0.0,0.5007567543638842,0.4818552656184234
1980-11-30,0.6531407368951303,1.0625737898465104,0.0,0.47509407206850035,0.5812088001346268
1980-12-31,0.6489024903876706,0.9345794392523477,-3.9999999999999925,0.4705021906036942,0.8214295647022175
1981-01-31,0.6447188934321835,0.92592592592593,4.166666666666674,0.470222064269427,0.6577690108307591
1981-02-28,-0.24702523556930922,0.917431192660545,-1.3333333333333308,0.49768129981297304,0.48145681606164664
1981-03-31,-0.24763696135644553,0.6818181818181834,0.0,0.504429433581274,0.5294555371433228
1981-04-30,-0.2482517243832416,0.5643340857787837,-2.7027027027027084,0.5126847532473536,0.5023169887922089
1981-05-31,0.3991673583211286,0.6734006734006925,4.166666666666674,0.5137987431946641,0.6835901538000007
1981-06-30,0.3975803473514006,0.8918617614269708,0.0,0.4926989688414876,0.6310737563196014
1981-07-31,0.39600590569601746,1.104972375690605,-3.9999999999999925,0.5138483953286443,0.6032451132758545
1981-08-31,-0.3631989105411848,0.7650273224043769,2.77777777777779,0.531021547795113,0.5887625310124747
1981-09-30,-0.36452285357404524,0.9761388286333883,2.7027027027026973,0.5611656147593641,0.5233447976421435
1981-10-31,-0.3658564840697487,0.3222341568206444,3.9473684210526327,0.5953768547169098,0.46548220001343066
1981-11-30,-0.5178815474995324,0.4282655246252487,5.063291139240511,0.6439639875845402,0.38369818984982107
1981-12-31,-0.5205775224286224,0.31982942430703876,2.409638554216853,0.5408767592071121,0.43095968659590306
1982-01-31,-0.523301713523705,0.31880977683316214,1.17647058823529,0.5672565454040972,0.4494253850376822
1982-02-28,0.15205904282531435,0.3177966101694851,3.488372093023262,0.5978687170413328,0.47910379573102757
1982-03-31,0.15182817435663853,0.0,1.1235955056179803,0.5365309372721715,0.49202967901565764
1982-04-30,0.1515980058719668,0.31678986272438703,3.3333333333333437,0.5099945019231464,0.5114363015805267
1982-05-31,-0.1274222785956014,0.9473684210526301,1.0752688172043001,0.5102315364649348,0.48491034743229294
1982-06-30,-0.12758485011877818,1.147028154327412,2.127659574468077,0.5356110292750267,0.47828686912598706
1982-07-31,-0.12774783700514325,0.5154639175257714,2.083333333333348,0.5237192300887019,0.45228275556365916
1982-08-31,0.013336262654162212,0.20512820512821328,0.0,0.5041309246897211,0.3503358091871571
1982-09-30,0.013334484332294672,0.0,3.0612244897959107,0.47659922186251413,0.3391120845388358
1982-10-31,0.013332706484647794,0.4094165813715467,2.970297029702973,0.4423372717069653,0.17920118745786012
1982-11-30,0.43926347004585864,-0.10193679918449883,3.8461538461538547,0.42882293261311955,0.42625101267010784
1982-12-31,0.4373423847108038,-0.3061224489795844,0.0,0.9262952553310765,0.11434779847569976
1983-01-31,0.4354380296480054,0.20470829068577334,-3.703703703703709,0.9999999999999999,0.0637633754624844
1983-02-28,0.7585067484533248,0.10214504596526286,0.0,0.999999958301902,0.07024416872930778
1983-03-31,0.7527967344206132,0.10204081632652073,-0.9615384615384581,0.9999999431792923,0.0734016296261808
1983-04-30,0.747172047645428,0.7135575942915473,-0.9708737864077777,0.9999997210761727,0.07527507658351074
1983-05-31,0.6663182028144199,0.4048582995951566,-0.9803921568627416,0.9999995920891516,0.07076211632528956
1983-06-30,0.6619077907189963,0.20161290322580072,0.0,0.9999450229948011,0.08871634073238449
1983-07-31,0.6575553804276657,0.4024144869215096,-6.930693069306926,0.5631268027722247,0.3688936565983354
1983-08-31,0.6953942094295229,0.30060120240480437,1.0638297872340496,0.47915150339264484,0.426636227275655
1983-09-30,0.6905918735301997,0.29970029970030065,-3.157894736842115,0.4685032738883036,0.42668448338400616
1983-10-31,0.68585541179218,0.3984063745019917,-4.347826086956507,0.46871148699883725,0.4170544372499726
1983-11-30,0.6515967807304568,0.29761904761904656,-3.409090909090917,0.4696596010157733,0.4200340748236846
1983-12-31,0.6473784833736618,0.29673590504453173,-2.35294117647058,0.4743180052095574,0.42796253223848674
1984-01-31,0.6432144514132654,0.6903353057199135,-3.614457831325313,0.4663574454075215,0.4283686830860681
1984-02-29,0.5759205288331515,0.48971596474045587,-2.500000000000002,0.47359313566860517,0.4301275150571596
1984-03-31,0.5726226772819087,0.29239766081872176,0.0,0.4780668702641629,0.43822623622293144
1984-04-30,0.569362379182814,0.38872691933915515,-1.2820512820512775,0.4814351107060196,0.44226340786222745
1984-05-31,0.3213366822981456,0.1936108422071703,-3.8961038961038974,0.5255818965381875,0.4219049384821221
1984-06-30,0.3203074170710085,0.19323671497584183,-2.7027027027027084,0.5355956076264351,0.40548853702154875
1984-07-31,0.31928472441709044,0.38572806171648377,4.166666666666674,0.5292397159368535,0.40673448014831975
1984-08-31,0.27359098160366635,0.2881844380403509,0.0,0.4975810774940438,0.44342249851489923
1984-09-30,0.2728445036479066,0.2873563218390718,-2.6666666666666727,0.47814760482107266,0.4605410643680027
1984-10-31,0.2721020880563252,0.3820439350525229,1.3698630136986356,0.46930390803247174,0.44744111897008176
1984-11-30,0.32299307584668924,0.19029495718363432,-2.7027027027027084,0.4819348606171902,0.40979511285701087
1984-12-31,0.3219531893376759,0.18993352326686086,1.388888888888884,0.47624368572147746,0.39993368667163864
1985-01-31,0.32091997723573407,0.18957345971564177,0.0,0.4971687750332591,0.37457330632199176
1985-02-28,0.2934911909393101,0.5676442762535316,-1.3698630136986245,0.792442420582202,0.20433693272967213
1985-03-31,0.29263234079721645,0.470366886171214,0.0,0.5276020891794634,0.38466134139592684
1985-04-30,0.29177850253532256,0.18726591760300781,1.388888888888884,0.48419059449581264,0.3911465953051631
1985-05-31,0.5090904742895974,0.18691588785046953,-1.3698630136986245,0.4866867274591611,0.3729215092490489
1985-06-30,0.5065118706051752,0.2798507462686617,2.77777777777779,0.9634482757567554,0.06043081039269593
1985-07-31,0.5039592571447482,0.18604651162790198,0.0,0.9839135954952352,0.048763987112691976
1985-08-31,0.24781638157400643,0.18570102135562205,-4.054054054054069,0.7379485794173442,0.20503085941157134
1985-09-30,0.2472037701357399,0.1853568118628246,0.0,0.6167383827246893,0.2809682269266939
1985-10-31,0.24659418002577205,0.37002775208141436,0.0,0.7259723569585015,0.21598855613185042
1985-11-30,0.3112492099463626,0.4608294930875667,-1.4084507042253502,0.6068019657170928,0.29234250898122244
1985-12-31,0.3102834551436562,0.4587155963302836,0.0,0.4381162854355722,0.4002191048703818
1986-01-31,0.30932367495741797,0.36529680365298134,-4.285714285714281,0.4391212604333387,0.40186332421691984
1986-02-28,0.15009878509402164,-0.18198362147406888,7.462686567164178,0.4101982754578207,0.4196572254387187
1986-03-31,0.14987382630156088,-0.5469462169553352,0.0,0.3627515069697616,0.43779086375242166
1986-04-30,0.14964954080871617,-0.36663611365719273,-1.388888888888895,0.3309466096605097,0.44205578834612785
1986-05-31,0.3188893455450037,0.2759889604415866,1.4084507042253502,0.34389927133192005,0.42963724756384863
1986-06-30,0.31787567388892324,0.3669724770642313,0.0,0.3570485155281954,0.42399961374481365
1986-07-31,0.31686842624363276,0.0914076782449591,-2.777777777777779,0.3481258622459816,0.4213140856592666
1986-08-31,0.17879762653589815,0.09132420091324533,-1.4285714285714235,0.3466323523760577,0.41451918850675995
1986-09-30,0.17847851119399127,0.36496350364965124,1.4492753623188248,0.36982494768602414,0.39047344321214333
1986-10-31,0.17816053292729617,0.1818181818181941,0.0,0.3677377503297697,0.3951941311811277
1986-11-30,0.24728164513929674,0.1814882032667997,-1.4285714285714235,0.3532348193743974,0.4076712083050612
1986-12-31,0.2466716713722228,0.36231884057971175,-4.34782608695653,0.34953151128767285,0.41500235634234306
1987-01-31,0.2460646994654203,0.5415162454873723,0.0,0.3439496439750968,0.4179963975994501
1987-02-28,0.3593925479933535,0.35906642728904536,0.0,0.34574168763184,0.42363936969656496
1987-03-31,0.3581055433565572,0.3577817531305927,0.0,0.3400639913155011,0.42660584255005224
1987-04-30,0.35682772349849845,0.4456327985739694,-4.545454545454541,0.35964480507764574,0.41366711566072245
1987-05-31,0.2890593417162135,0.2661934338952898,0.0,0.3689735990507318,0.40512726360589657
1987-06-30,0.28822619696862173,0.4424778761061843,-1.5873015873015817,0.36463164210486987,0.41292861790558744
1987-07-31,0.2873978411010336,0.2643171806167466,-1.6129032258064613,0.3720107491522916,0.4098017857809898
1987-08-31,0.5723189548510144,0.4393673110720586,-1.6393442622950727,0.38407521609169276,0.4066595886521126
1987-09-30,0.5690621045617572,0.34995625546807574,-1.6666666666666607,0.40670889804212534,0.4021633924128576
1987-10-31,0.5658421115333434,0.2615518744550904,1.6949152542372836,0.3997006866001498,0.4118150623103508
1987-11-30,0.1722941801694189,0.3478260869565375,-3.3333333333333326,0.37719593648641964,0.4059301123098923
1987-12-31,0.1719978379046916,0.17331022530329143,-1.724137931034475,0.281608645611916,0.45729303511225594
1988-01-31,0.17170251329421404,0.34602076124568004,0.0,0.16671677615056163,0.5417496002940108
1988-02-29,0.4380107596098304,0.17241379310344307,0.0,0.043202587667252476,0.6182696137849878
1988-03-31,0.43610059209375773,0.2581755593803692,0.0,0.08618794795441566,0.5911575982682437
1988-04-30,0.43420701274026197,0.6008583690987113,-5.263157894736836,0.10891451993571523,0.5799929631112735
1988-05-31,0.19532321510469242,0.25597269624573205,3.703703703703698,0.16304916485289864,0.5468885469565624
1988-06-30,0.19494244724913568,0.42553191489360653,-3.5714285714285587,0.25411513610419273,0.48727725392870636
1988-07-31,0.19456316106150062,0.4237288135593209,0.0,0.1526851488405873,0.5539542471554765
1988-08-31,0.44415201878804655,0.42194092827003704,3.703703703703698,0.20382172893842657,0.548875782169657
1988-09-30,0.4421880317183602,0.42016806722688926,-3.5714285714285587,0.25524072724154223,0.5204997180461838
1988-10-31,0.44024133721449754,0.33472803347280866,0.0,0.2352668799898921,0.5339958818123476
1988-11-30,0.33879831696628226,0.33361134278564464,-1.85185185185186,0.27951092643669756,0.5193119336353071
1988-12-31,0.337654349712313,0.33250207813799726,0.0,0.3167047634259783,0.4933301234493927
1989-01-31,0.33651808177161957,0.41425020712511085,1.8867924528301883,0.3171254820634202,0.5040089983085704
1989-02-28,0.2543665524766592,0.3300330033003229,-3.703703703703709,0.32550263260145584,0.5071740238089338
1989-03-31,0.2537211706818976,0.49342105263159297,-3.8461538461538547,0.34260587342133947,0.5049562841762228
1989-04-30,0.253079055539418,0.7364975450081745,4.0000000000000036,0.338830987639014,0.5027353247407321
1989-05-31,0.24691187502410283,0.4874086108854758,0.0,0.32969729275421117,0.5048649120152466
1989-06-30,0.24630372188614302,0.3233629749393563,1.9230769230769162,0.3068602628596763,0.5192046567443184
1989-07-31,0.24569855719513978,0.3223207091055613,-1.8867924528301772,0.27391783497695404,0.5313592450974673
1989-08-31,0.06566035179351726,0.0,0.0,0.2989873544635635,0.5105126974910968
1989-09-30,0.06561726726497241,0.24096385542169418,1.9230769230769162,0.3078721914954421,0.4979812758184373
1989-10-31,0.06557423924116179,0.48076923076922906,0.0,0.2952613976045529,0.49383603257075387
1989-11-30,0.364294014874611,0.3987240829345984,1.8867924528301883,0.2971394920439047,0.5116158817559526
1989-12-31,0.362971730584416,0.3177124702144596,0.0,0.3379706795421868,0.48694458841214333
1990-01-31,0.3616590106147788,0.9501187648456089,0.0,0.3212022461645546,0.4965356092398297
1990-02-28,0.12099001007159771,0.39215686274509665,-1.85185185185186,0.3390465257056069,0.47936013667731636
1990-03-31,0.12084380114443238,0.46874999999999556,-1.8867924528301772,0.3388313084450341,0.4721636034466786
1990-04-30,0.12069794515958687,0.2332814930015692,3.8461538461538547,0.3475876141143969,0.4451196960501727
1990-05-31,0.022193893109334617,0.15515903801395226,0.0,0.31522096766038626,0.5080883224466394
1990-06-30,0.02218896851338137,0.6196746707978429,-3.703703703703709,0.26083683873294805,0.5396544240132194
1990-07-31,0.022184046102369237,0.4618937644341736,5.769230769230771,0.15553680726731056,0.5995570669319059
1990-08-31,-0.3034681856559973,0.8429118773946254,3.6363636363636376,0.0012891213180385355,0.6919376602198513
1990-09-30,-0.3043919182877164,0.6838905775075954,3.5087719298245723,0.004691355571668513,0.6848154375852398
1990-10-31,-0.3053212916242165,0.6792452830188811,0.0,0.003104063589990836,0.6800425436270464
1990-11-30,-0.1559802150358669,0.2248875562218755,5.084745762711851,1.2396352479243458e-07,0.6756358742655109
1990-12-31,-0.15622389340074205,0.37397157816005944,1.6129032258064502,0.009478730287664893,0.6638286123820497
1991-01-31,-0.15646833432454432,0.37257824143070994,1.5873015873016039,0.14565378321786768,0.5639762008753756
1991-02-28,0.2598963522870035,0.07423904974017681,3.124999999999978,0.12496001414226253,0.5666633172149141
1991-03-31,0.25922264209590207,0.0,3.0303030303030276,5.080264034917798e-06,0.643162199538411
1991-04-30,0.25855241569272547,0.2225519287833766,-1.4705882352941124,0.11599224897476912,0.5628608562384336
1991-05-31,0.16845289550537768,0.37009622501851247,2.9850746268656803,0.23217871927807598,0.4824026440086721
1991-06-30,0.16816960892975796,0.2949852507374784,0.0,0.27888009615418674,0.4569007027300469
1991-07-31,0.16788727355838695,0.14705882352941124,-1.449275362318847,0.255916780035996,0.47235247193657914
1991-08-31,0.11618161487285672,0.2936857562408246,1.4705882352941346,0.09681259044748051,0.5666267825201727
1991-09-30,0.11604678983843097,0.2928257686676483,0.0,0.08829523111630383,0.5678535469284814
1991-10-31,0.11591227736149623,0.14598540145984717,1.4492753623188248,0.07090816663270084,0.5730127172076098
1991-11-30,0.39908406999582535,0.4373177842565745,0.0,0.24171822116912953,0.4548754188644248
1991-12-31,0.3974977199170171,0.2902757619738683,4.285714285714293,0.742265071653202,0.12592835638341338
1992-01-31,0.3959239313174434,0.07235890014474222,0.0,0.8600081785419594,0.0424781985274324
1992-02-29,0.3614344251685164,0.2169197396963085,1.3698630136986356,0.48785470158725464,0.27590348582235713
1992-03-31,0.3601327813205435,0.3607503607503615,0.0,0.37591785644209413,0.3514910819483943
1992-04-30,0.35884047912255745,0.21567217828901697,0.0,0.4303217240221868,0.30857932461196225
1992-05-31,0.3293700621993523,0.21520803443326741,2.7027027027026973,0.4181144267698179,0.3131575800715888
1992-06-30,0.3282887772495302,0.28632784538296097,2.6315789473684292,0.4180845925031746,0.31645409484359244
1992-07-31,0.32721456854347686,0.2855103497501732,-1.2820512820512775,0.6751916493212131,0.14430401186825131
1992-08-31,0.3476185331349413,0.2135231316725994,-1.2987012987013102,0.8256521777665888,0.046834543485112456
1992-09-30,0.3464143327130298,0.21306818181816567,0.0,0.7657654854807194,0.07849917905522191
1992-10-31,0.34521844653503386,0.425230333097093,-3.9473684210526327,0.6472027891707878,0.15560847217607082
1992-11-30,0.05564790744674308,0.2822865208186309,1.3698630136986356,0.3397229951717449,0.3565426391021709
1992-12-31,0.05561695777354103,0.14074595355384467,0.0,0.32783000103760906,0.3652328191576142
1993-01-31,0.05558604250777144,0.35137034434293835,-1.3513513513513598,0.3294107008810785,0.3625072371257989
1993-02-28,0.19405698130958715,0.21008403361342243,-2.73972602739726,0.32778559413643177,0.3621262107593791
1993-03-31,0.1936811295562002,0.13976240391335715,-1.4084507042253502,0.3181680744992903,0.3705334288790554
1993-04-30,0.19330673089628103,0.34891835310537633,1.4285714285714235,0.3212755514260551,0.36621817457116634
1993-05-31,0.15905160759190906,0.2781641168289051,0.0,0.32658800780242925,0.362466362319268
1993-06-30,0.15879903517361793,0.06934812760057696,-1.4084507042253502,0.32468670208936246,0.36616102695040764
1993-07-31,0.15854726364865623,0.1386001386001201,-1.4285714285714235,0.3158628569674286,0.3713414595060179
1993-08-31,0.45338310097062795,0.20761245674740803,-1.449275362318847,0.29143383568043885,0.38737969130061484
1993-09-30,0.45133681611790877,0.13812154696131174,-1.4705882352941124,0.29361771856271174,0.3845373747810241
1993-10-31,0.4493089195458877,0.4137931034482678,1.4925373134328401,0.29392193114613946,0.38543890151518945
1993-11-30,0.3234543294172276,0.27472527472527375,-2.941176470588236,0.299131166984056,0.38313009038427415
1993-12-31,0.3224114755410623,0.205479452054802,-1.5151515151515138,0.2959202404953521,0.3848917750296585
1994-01-31,0.32137532461493645,0.0,1.538461538461533,0.298925289095964,0.38086916175701085
1994-02-28,0.45172754361504364,0.2734107997265811,0.0,0.3014972853195489,0.38625705761117446
1994-03-31,0.449696142277789,0.27266530334015826,-1.5151515151515138,0.30789109470508147,0.3882180363164054
1994-04-30,0.44768292941459453,0.06798096532969478,-1.538461538461533,0.24708525414284166,0.42919237703296653
1994-05-31,0.19486151844427813,0.20380434782609758,-4.687500000000011,0.21727905011565551,0.4583583529442916
1994-06-30,0.1944825468004785,0.2711864406779618,0.0,0.0888483883452149,0.5414942261741647
1994-07-31,0.19410504636283576,0.33806626098715764,0.0,0.25265625837227457,0.4396579594168318
1994-08-31,0.381856718664908,0.40431266846361336,-1.6393442622950727,0.2577076423471983,0.44066496330540084
1994-09-30,0.3804041199746866,0.2013422818792021,-1.6666666666666607,0.21791643071312491,0.47301238014629804
1994-10-31,0.37896253089402254,0.06697923643670389,-1.6949152542372947,0.16546798077942493,0.5138943849047168
1994-11-30,0.11826016918068394,0.2677376171352108,-3.4482758620689724,0.30123919243336306,0.43224405301355845
1994-12-31,0.11812047970154449,0.20026702269690944,-1.7857142857142794,0.315066898615413,0.3940504386770264
1995-01-31,0.11798111983685189,0.26648900732844094,1.8181818181818077,0.31829490587898857,0.4046396194463824
1995-02-28,0.09944094869904774,0.2657807308970028,-3.5714285714285587,0.3185364604371314,0.4367917828910369
1995-03-31,0.09934216191078704,0.1988071570576455,0.0,0.32120020227486046,0.43914339414317644
1995-04-30,0.09924357120159044,0.3968253968254176,7.407407407407396,0.014102414032800159,0.6327902725752823
1995-05-31,0.2835751674128195,0.19762845849802257,-3.4482758620689724,9.810982736203055e-07,0.6406287393700592
1995-06-30,0.2827732925750004,0.19723865877712132,0.0,0.1354140378558846,0.5541097940705628
1995-07-31,0.28197593992540515,0.1312335958005173,1.7857142857143016,0.00965055204816547,0.6287208254755018
1995-08-31,0.22636068368453444,0.1965923984272644,0.0,8.900337454311777e-05,0.6341029168525351
1995-09-30,0.2258494493269536,0.1308044473512071,-1.7543859649122862,9.064801579145059e-07,0.6333527293806188
1995-10-31,0.22534051900566787,0.2612671456564408,-1.7857142857142794,0.00011219904460164539,0.6340846563305689
1995-11-30,0.24968337420891995,0.13029315960910726,1.8181818181818077,0.20624883898184898,0.5004527599755074
1995-12-31,0.24906150902934687,0.13012361743658385,0.0,0.19865967752886315,0.4981981182352245
1996-01-31,0.2484427338074413,0.5198180636777128,0.0,0.18530684882903906,0.5133575518875716
1996-02-29,0.5559813672971092,0.19392372333548735,-1.7857142857142794,0.15577045052213198,0.5254514556610071
1996-03-31,0.5529073056989686,0.3225806451612856,0.0,0.0775489218696569,0.5718318621462444
1996-04-30,0.5498670506045578,0.38585209003214604,1.8181818181818077,0.07736017254070592,0.5694966501287431
1996-05-31,0.2990112470437234,0.19218449711724261,0.0,0.11321850916971535,0.5482448572958323
1996-06-30,0.298119835206756,0.19181585677747748,-5.357142857142849,0.1629973757839962,0.5174839116010361
1996-07-31,0.29723372252301594,0.19144862795150708,3.7735849056603765,0.15963714044147287,0.5235556329251828
1996-08-31,0.3461231767309947,0.1273885350318471,-7.272727272727275,0.07131168215107361,0.5771869780230933
1996-09-30,0.34492929649252435,0.31806615776082126,1.9607843137255054,0.2199094086985098,0.4795291131405115
1996-10-31,0.3437436240284031,0.3170577045022105,0.0,0.09432944877996799,0.5627922121479233
1996-11-30,0.21514773286590572,0.3160556257901348,3.8461538461538547,3.017491749086404e-07,0.6260156027586635
1996-12-31,0.21468584114592293,0.2520478890989386,0.0,0.04356005440601526,0.5976652300078711
1997-01-31,0.21422592840953936,0.18856065367693908,-1.85185185185186,0.01752924236373645,0.6146990958017964
1997-02-28,0.555072610185281,0.18820577164364583,-1.8867924528301772,0.00038223294112881256,0.6240735214660927
1997-03-31,0.5520085618525572,0.06261740763933155,0.0,0.01661721225265861,0.6180609554336267
1997-04-30,0.5489781554318673,0.06257822277846437,-1.9230769230769384,0.09213213013775993,0.5710136484803492
1997-05-31,0.41618965836531796,0.0,-3.9215686274509665,0.10604513900246218,0.56060140766683
1997-06-30,0.4144646991498746,0.18761726078797558,2.0408163265306145,0.04379940489171045,0.598518372759298
1997-07-31,0.41275397961004767,0.12484394506866447,-1.9999999999999907,0.0017601365243841718,0.6276747085375003
1997-08-31,0.2846200909148555,0.24937655860348684,-2.0408163265306256,0.033702539907334544,0.6093814893938628
1997-09-30,0.2838123040769469,0.24875621890545485,2.083333333333348,0.16121420505263068,0.5231268398419223
1997-10-31,0.2830090894594184,0.18610421836229296,-4.081632653061229,0.1588213538065467,0.5253847351676492
1997-11-30,0.3345843773607804,0.12383900928791824,-2.1276595744680993,0.014267171433815081,0.6239679407950897
1997-12-31,0.3334686433766443,0.06184291898578831,2.1739130434782705,0.016587961628749415,0.6249507112105614
1998-01-31,0.33236032590673315,0.12360939431395046,-2.1276595744680993,0.07888026209421296,0.5817738812234833
1998-02-28,0.30856262666543177,0.0,0.0,0.027022643385507264,0.6151742381792977
1998-03-31,0.3076134465348268,0.0,2.1739130434782705,0.00033297451511630555,0.6317401167162248
1998-04-30,0.3066700881073192,0.12345679012344402,-8.510638297872353,0.08653382336015512,0.574138575746973
1998-05-31,0.4196467571236706,0.2466091245376223,2.3255813953488413,0.12419510358701046,0.5509241816305377
1998-06-30,0.4178930823553362,0.12300123001232066,2.2727272727272707,0.2032837222330345,0.4927587065770975
1998-07-31,0.41615400356249665,0.24570024570023108,0.0,0.07419939693417665,0.5816766493315411
1998-08-31,0.5363988569860423,0.1225490196078427,0.0,0.01522209176340416,0.6171958936127533
1998-09-30,0.5335369707732296,0.0611995104039087,2.2222222222222143,0.010277762098632365,0.6168793525764594
1998-10-31,0.530705460933234,0.24464831804280607,-2.1739130434782483,1.5503184417724986e-06,0.6089913189646878
1998-11-30,0.3131445829072321,0.12202562538132788,-2.2222222222222143,1.2735864002753992e-06,0.6150236875257916
1998-12-31,0.31216704870460354,0.1828153564899626,0.0,2.21518977887929e-06,0.6151889945415885
1999-01-31,0.3111955985887871,0.18248175182480342,-2.272727272727282,1.5067014344721942e-06,0.6102972416671584
1999-02-28,0.2782476319562077,0.0,2.3255813953488413,1.2132526244140515e-07,0.6110135462334756
1999-03-31,0.2774755627735548,0.06071645415908211,-4.545454545454552,7.338009584831795e-05,0.6109826951346332
1999-04-30,0.27670776634165506,0.6674757281553312,2.3809523809523725,4.4839470005761594e-05,0.6072089614550732
1999-05-31,0.44196107650191774,0.06027727546713546,-2.3255813953488302,7.076998673633926e-05,0.6105346062698749
1999-06-30,0.4400163753924602,0.0,2.3809523809523725,0.019109837909645266,0.6013593343001283
1999-07-31,0.4380887133151212,0.42168674698794817,0.0,0.052478790704278806,0.580141816296783
1999-08-31,0.5468890288561346,0.23995200959807672,-2.3255813953488302,0.1051613116121778,0.5505948670334327
1999-09-30,0.5439144205636959,0.418910831837227,0.0,0.08477616671839859,0.5651881264906224
1999-10-31,0.540971995866979,0.17878426698449967,-2.3809523809523947,0.11152926162251972,0.5472905928399269
1999-11-30,0.12093113624211949,0.17846519928614857,0.0,0.08877832591988728,0.5687828423485389
1999-12-31,0.1207850694851853,0.23752969121140222,-2.4390243902438935,0.12158071788577704,0.5485012085899806
2000-01-31,0.12063935515622681,0.2962085308056972,0.0,0.19275049799619837,0.5037707434185789
2000-02-29,0.6070959377117546,0.41346721795627595,2.499999999999991,0.209881294051797,0.49861070376877065
2000-03-31,0.6034325233755133,0.588235294117645,-2.4390243902438935,0.1943106419090408,0.5163786032522287
2000-04-30,0.5998130563142468,-0.05847953216373547,-5.000000000000004,0.20023325376529183,0.5109795716632767
2000-05-31,0.03397752878535609,0.17554125219425565,5.263157894736836,0.21977684871159914,0.4991112597127411
2000-06-30,0.033965987982020884,0.5841121495327117,0.0,0.21358420006082013,0.5016989353323816
2000-07-31,0.03395445501590544,0.29036004645761615,0.0,0.20605850534880654,0.5170172521659107
2000-08-31,0.1990129309272115,0.0,2.499999999999991,0.20465025099067768,0.5226586393721052
2000-09-30,0.1986176561084685,0.5211349160393786,-4.8780487804877986,0.1758541754430059,0.5419263404993826
2000-10-31,0.19822394834840829,0.1728110599078514,0.0,0.17413717765853226,0.5441848980402503
2000-11-30,-0.10926626921338167,0.17251293847038163,0.0,0.17399571129870153,0.5489892532862126
2000-12-31,-0.10938579098626056,0.22962112514350874,0.0,0.1331675004461916,0.5699347355836263
2001-01-31,-0.109505574525115,0.572737686139746,7.692307692307709,0.15032998658233954,0.5424837490515637
2001-02-28,0.20816764341460292,0.2277904328018332,0.0,0.15739656472077876,0.5301745336611817
2001-03-31,0.20773520593186934,0.05681818181817455,2.3809523809523725,0.1434187561558081,0.5264414832683741
2001-04-30,0.20730456137441067,0.17035775127769437,2.3255813953488413,0.13788479640178503,0.5172466315476847
2001-05-31,-0.13354639843968785,0.5102040816326481,-2.272727272727282,0.15742593325854393,0.49951454305170195
2001-06-30,-0.1337249833387566,0.2256063169768563,4.651162790697683,0.15462333036026457,0.49698215993700345
2001-07-31,-0.13390404650261978,-0.16882386043892694,2.2222222222222143,0.15294899163229075,0.5032427617053117
2001-08-31,0.09159181595301824,0.0,6.521739130434789,0.14096769171364176,0.5048143427019635
2001-09-30,0.0915080021121506,0.3945885005636862,2.0408163265306145,0.11098552358884772,0.5021798843588109
2001-10-31,0.09142434152378254,-0.28074115665356336,6.000000000000005,0.10256143225327465,0.49487122643464654
2001-11-30,0.27878621881078924,-0.05630630630630851,3.7735849056603765,0.11080158785606592,0.4799464942047828
2001-12-31,0.2780111620043879,-0.05633802816901179,3.6363636363636376,0.1422482994322092,0.46086248270442076
2002-01-31,0.27724040273917616,0.16910935738443378,0.0,0.14473383448506813,0.4616152833921525
2002-02-28,0.20423552800192812,0.16882386043894915,0.0,0.13375129465158025,0.4640416479045653
2002-03-31,0.20381925666692613,0.2808988764045006,0.0,0.15612489539686614,0.44516770006062645
2002-04-30,0.2034046787626309,0.4481792717086819,3.5087719298245723,0.15739139741336197,0.4456497562175491
2002-05-31,0.13550381001168343,0.1115448968209698,-1.6949152542372947,0.1385297595920665,0.46068039974151187
2002-06-30,0.13532044565212065,0.055710306406675514,0.0,0.12080645917720897,0.4739033271135958
2002-07-31,0.13513757688083938,0.22271714922048602,0.0,0.10048382113268405,0.49290126236523696
2002-08-31,0.04120168418397796,0.2777777777777768,-1.724137931034475,0.04920411997776038,0.5170904107651234
2002-09-30,0.04118471538760993,0.16620498614958734,0.0,0.02218710769389959,0.5282542605846983
2002-10-31,0.0411677605625993,0.22123893805308104,0.0,0.014251413992863544,0.5299250907048275
2002-11-30,0.17554732860169953,0.16556291390728006,3.5087719298245723,0.03320306605998944,0.5355958440986517
2002-12-31,0.17523969998969324,0.16528925619836432,1.6949152542372836,0.032091642222191415,0.5113783601601425
2003-01-31,0.1749331476665672,0.44004400440043057,-3.3333333333333326,0.03953227400440229,0.5079774276618508
2003-02-28,0.2952072242905057,0.5476451259583737,1.7241379310344973,0.0425586436494789,0.5066988849102719
2003-03-31,0.2943383163168667,0.16339869281045694,0.0,0.031326608795935615,0.5123966741999718
2003-04-30,0.29347450839005695,-0.38064165307233333,1.6949152542372836,0.049965704754880935,0.5007291335826708
2003-05-31,0.5543999856570281,-0.16375545851528006,1.6666666666666607,0.030474029197448727,0.509193732873775
2003-06-30,0.5513433382687394,0.10934937124111865,3.2786885245901676,0.028837225360846406,0.5046698752944049
2003-07-31,0.5483202113112817,0.3276897870016393,-1.5873015873015817,0.05871182842875124,0.4863430678661524
2003-08-31,0.38690713272544475,0.4354926510615087,-1.6129032258064613,0.052571876861491305,0.49419699017430785
2003-09-30,0.3854159309977456,0.3252032520325132,0.0,0.05454964973396927,0.49417220482911617
2003-10-31,0.38393617979595174,-0.10804970286331095,-1.6393442622950727,0.048174972531196694,0.4956255750354607
2003-11-30,0.18888381798563003,0.05408328826392861,-3.3333333333333326,0.056478186597320505,0.4896014022727806
2003-12-31,0.1885277196308488,0.2702702702702675,-1.724137931034475,0.0629416321563751,0.48483746290344004
2004-01-31,0.18817296143767148,0.43126684636118906,0.0,0.05638495711062277,0.4898801698721432
2004-02-29,0.2583174412473799,0.21470746108425143,-1.7543859649122862,0.05475907197390384,0.4913151243229044
2004-03-31,0.25765188149977636,0.2142474558114671,3.571428571428581,0.033359650095992836,0.5054300049615714
2004-04-30,0.2569897425926948,0.16034206306787535,-3.4482758620689724,0.06453314347449142,0.48400318843557505
2004-05-31,0.31619796293103075,0.4268943436499306,0.0,0.09788490938774744,0.4590626337198075
2004-06-30,0.3152013028323353,0.37194473963868546,0.0,0.09988472654940783,0.46416342281608364
2004-07-31,0.3142109059631082,0.10587612493382359,-1.7857142857142794,0.08646125090830546,0.47748366086399757
2004-08-31,0.3400693762069862,0.052882072977267214,-1.8181818181818077,0.07294904411351945,0.4870359473536797
2004-09-30,0.3389168238781659,0.3171247357294016,0.0,1.190714472933295e-06,0.5369900218216914
2004-10-31,0.3377720575487686,0.5268703898840821,1.8518518518518379,9.66601952934609e-07,0.5408250942100712
2004-11-30,0.3697877847319342,0.4716981132075304,-1.8181818181818077,0.008185419518969924,0.5297818313265829
2004-12-31,0.36842539263413077,0.0,0.0,6.348066748670526e-07,0.5501299152132236
2005-01-31,0.36707300248346453,-0.052164840897228615,-1.85185185185186,7.619337390816519e-07,0.5541881589352055
2005-02-28,0.16420815160358426,0.41753653444676075,1.8867924528301883,0.0023407649531722767,0.5556275987827879
2005-03-31,0.16393895048321117,0.36382536382535413,-3.703703703703709,3.894609347161094e-07,0.5614647592898739
2005-04-30,0.1636706305692348,0.31071983428274663,0.0,0.00041687383190884417,0.5639056398612746
2005-05-31,0.2612713448357562,-0.05162622612286949,-1.9230769230769384,5.485481795769498e-07,0.5651373764815104
2005-06-30,0.2605904965409245,0.05165289256197081,-1.9607843137254832,8.993926365718007e-07,0.5698253032866754
2005-07-31,0.2599131874751137,0.6195147134744561,0.0,0.008187513854539077,0.5713089971462325
2005-08-31,0.18517217988391899,0.6157003591585442,-1.9999999999999907,0.010132558700936885,0.5763646973420908
2005-09-30,0.1848299262803499,1.37684854665987,2.0408163265306145,0.0164024925222968,0.5746526408516974
2005-10-31,0.18448893551683554,0.15090543259557165,0.0,0.013042296514937884,0.585943406135195
2005-11-30,0.4484612561624912,-0.5022601707684538,0.0,0.08041275740768541,0.5362623237047915
2005-12-31,0.44645906025262416,0.0,-1.9999999999999907,0.0022347524957059685,0.6002472972230346
2006-01-31,0.4444746628498031,0.6057546693589266,-4.081632653061229,9.942996451652317e-08,0.6096287620599328
2006-02-28,0.0862509211651874,0.050175614651282174,2.127659574468077,7.302898718149341e-07,0.6134841460150368
2006-03-31,0.08617659305982794,0.15045135406217547,-2.083333333333326,5.2492928985084745e-05,0.6162707044915277
2006-04-30,0.08610239295105959,0.5007511266900355,0.0,0.00013200307192972019,0.6192901904512186
2006-05-31,0.04998530854385397,0.2989536621823774,-2.1276595744680993,2.411209500625936e-07,0.6210710498599512
2006-06-30,0.04996033571589287,0.24838549428713996,0.0,0.00535181680861864,0.6222095754242786
2006-07-31,0.049935387828492495,0.5450941526263575,2.1739130434782705,0.022022475123531542,0.6161435155461003
2006-08-31,0.28648326687064074,0.44356826022671214,0.0,0.026715928366336066,0.6128073489157656
2006-09-30,0.2856648847764154,-0.4906771344455385,-4.255319148936176,0.08154074024462198,0.5774062828678121
2006-10-31,0.28485116502408037,-0.4437869822485285,-2.2222222222222143,0.053764379154892405,0.5944600224595225
2006-11-30,0.10027855556855592,0.04952947003467045,2.2727272727272707,0.05361673641072972,0.5948208927602554
2006-12-31,0.10017809841844638,0.544554455445545,-2.2222222222222143,0.07387191162216253,0.5827572491498855
2007-01-31,0.10007784233907469,0.1659281142294633,4.545454545454519,0.012399531901876733,0.6202879356660369
2007-02-28,0.20392065266487958,0.3878350545869269,-2.1739130434782483,0.013067262779395569,0.619822186760913
2007-03-31,0.2035056625895093,0.5200121434097538,-2.2222222222222143,0.0862091652405894,0.5742166714629726
2007-04-30,0.20309235814042204,0.3000662483924943,2.2727272727272707,0.07929073295224104,0.5801124753380124
2007-05-31,0.19200859865373676,0.41329940166290324,-2.2222222222222143,0.01585878435608679,0.6168365340766426
2007-06-30,0.19164063216148275,0.23167517109623503,4.545454545454519,3.83667040718405e-07,0.6215004235049166
2007-07-31,0.1912740733182039,0.17805958481715844,2.1739130434782705,0.0813917374189855,0.5749328419586557
2007-08-31,0.20941224393755675,0.030828070885302594,-2.1276595744680993,0.08802470692693248,0.5597501417077035
2007-09-30,0.20897462548503665,0.42375533907650365,2.1739130434782705,0.14707426628179884,0.5145561463701862
2007-10-31,0.20853883224138947,0.3083237831280172,0.0,0.17402058910509263,0.49721074706076324
2007-11-30,-0.14225477363315475,0.7858884267890387,0.0,0.16144106154239204,0.48879965589956453
2007-12-31,-0.14245742612222223,0.2898014551732553,6.382978723404253,0.15152355706382373,0.49368916754134323
2008-01-31,-0.14266065682200235,0.3447705076970342,0.0,0.022519869064212376,0.5695206532010784
2008-02-29,0.1984760872709712,0.24178268779397882,-1.9999999999999907,0.003861388031539292,0.5568108668739993
2008-03-31,0.19808294000212,0.3578027806118822,4.081632653061207,0.014059161189900391,0.5302158939618099
2008-04-30,0.1976913471695152,0.2314381020201539,-1.9607843137254832,0.017926665291406328,0.5249104132403725
2008-05-31,-0.17508601683896563,0.5917491656617146,8.000000000000007,1.1166199196530302e-06,0.5396829302734139
2008-06-30,-0.1753931056414415,1.04782350098509,3.703703703703698,0.0026600887916440065,0.5459134656354125
2008-07-31,-0.17570127356179022,0.7141444751521009,3.571428571428581,0.0012031427143954503,0.5442957906940964
2008-08-31,-0.7296755317660386,-0.14884757278006422,5.1724137931034475,0.02702221471234573,0.5270513194603665
2008-09-30,-0.7350389309944583,0.08550916822900323,0.0,0.09781372469061744,0.48019486591392285
2008-10-31,-0.7404817602089109,-0.8598436564828615,6.557377049180335,0.0649413081390072,0.499079034463821
2008-11-30,-0.37829143249411556,-1.7705477084725474,4.615384615384621,0.05540563740767975,0.4996958359918701
2008-12-31,-0.3797279106468543,-0.8233522399403226,7.352941176470584,0.0036582253121410966,0.5112288027108034
2009-01-31,-0.38117533980058793,0.2530771341261451,6.849315068493156,0.0,0.5075251420055112
2009-02-28,-0.059550316878365095,0.3642660652187324,6.410256410256432,0.034529373224109726,0.488706757232725
2009-03-31,-0.059585800411332546,-0.0987282856538485,4.819277108433728,0.044609726478922175,0.4815164141570588
2009-04-30,-0.059621326255798746,0.10070825195886979,3.4482758620689724,0.015566919000241094,0.4947344772749562
2009-05-31,0.11706413172500874,0.14714939189219844,4.444444444444451,0.08467111351155693,0.4479646791757339
2009-06-30,0.116927251852883,0.8299612246622345,1.0638297872340496,0.12810650885740774,0.4153610160585351
2009-07-31,0.11679069170664746,-0.029796545463012247,0.0,0.14366819057960198,0.4068947732351233
2009-08-31,0.3603045502728497,0.33484533777929926,1.0526315789473717,0.141778851816889,0.40471729488677227
2009-09-30,0.35901101724176154,0.19308872334005134,2.083333333333348,0.15273423657692897,0.39879281546088996
2009-10-31,0.3577267388377159,0.3001931798703783,2.0408163265306145,0.14627163742754434,0.4008668997079011
2009-11-30,0.16150031685620014,0.3348590589767664,-1.0000000000000009,0.1663020239348813,0.3900881436227917
2009-12-31,0.1612399138843923,0.052017639964274665,0.0,0.17688120077506345,0.3860975254632141
2010-01-31,0.16098034930778216,0.06487322116246474,-1.0101010101010055,0.18423859690701094,0.3781186438605703
2010-02-28,0.3225287061041415,-0.09517766497462166,0.0,0.18811399475298587,0.3776420538105706
2010-03-31,0.3214918027524938,0.03313681361922782,1.0204081632652962,0.17830257836383365,0.38372766836909133
2010-04-30,0.3204615451538384,0.023004053314190642,0.0,0.1586999896904343,0.39700764987918186
2010-05-31,0.25702831201577236,-0.05197720362644098,-3.0303030303030387,0.17220564859481488,0.39313891490412467
2010-06-30,0.2563693701511438,-0.041879515854381655,-2.083333333333326,0.14836318596763054,0.41030924433554483
2010-07-31,0.25571379829707475,0.18692535416828804,0.0,0.16300192580082856,0.4013424625924869
2010-08-31,0.1750367536089481,0.14613634796996067,1.0638297872340496,0.1749895863377443,0.3940879098217175
2010-09-30,0.17473091029602816,0.1615249422961318,0.0,0.17369777464173025,0.3955710136748416
2010-10-31,0.1744261339244213,0.348184629481163,-1.0526315789473606,0.18460924013229044,0.3898834143681663
2010-11-30,-0.07906829903633339,0.25338416234848005,4.255319148936176,0.1830664871407537,0.38873980440262446
2010-12-31,-0.07913086646647027,0.4016576346828282,-5.102040816326525,0.15038332546135555,0.4103986692250604
2011-01-31,-0.07919353299531418,0.3243042200370194,-2.1505376344086113,0.13058756942729674,0.4231138787585247
2011-02-28,0.22552743104788942,0.321447463006419,-1.098901098901095,0.11168458620893439,0.4318144811214931
2011-03-31,0.22501994933681324,0.51735482068338,0.0,0.12125577658876276,0.4257819566543525
2011-04-30,0.22451474636826507,0.46940989750992035,1.1111111111111072,0.10165840074572419,0.4365274158752186
2011-05-31,-0.0074375786390357135,0.3181714734507679,-1.098901098901095,0.19098809250851473,0.37926115423204515
2011-06-30,-0.007438131855963537,0.0,1.1111111111111072,0.1962656580468011,0.3784581249005293
2011-07-31,-0.007438685155158886,0.26200368317570444,-1.098901098901095,0.19219075640946945,0.3815469228271118
2011-08-31,0.37434968558600623,0.3154462166418792,0.0,0.17465381177720096,0.3930301933309348
2011-09-30,0.37295353519957164,0.21715478580843772,0.0,0.15211670106525657,0.4055002224728635
2011-10-31,0.37156776010263126,0.0675207527019328,-2.2222222222222143,0.1331331572811686,0.4169279690579696
2011-11-30,0.27953027332388025,0.18478500551268873,-2.272727272727282,0.11794696673032849,0.42688253153427025
2011-12-31,0.27875107966899293,0.023770849015480877,-1.1627906976744096,0.11432080934346159,0.4289624755840489
2012-01-31,0.27797621796021854,0.27241960540966836,-2.35294117647058,0.10901113068042273,0.43236075499123916
2012-02-29,0.14877824872177037,0.21374461249461518,0.0,0.10025595891632626,0.4392718460192096
2012-03-31,0.14855722787978642,0.20934703870292282,-1.2048192771084487,0.11219934612876156,0.4308181611521864
2012-04-30,0.14833686274855484,0.16607883500068255,0.0,0.10459391708894894,0.43673935845947076
2012-05-31,0.04800933244097916,-0.2068180132381081,0.0,0.10167204859631573,0.43865831118786425
2012-06-30,0.04798629454130232,-0.08263631713106845,0.0,0.07452746870708195,0.4547226560934371
2012-07-31,0.04796327874110329,0.02888099280600187,0.0,0.04690732662927581,0.47270476516333076
2012-08-31,0.03854685125346258,0.580952797585188,-1.2195121951219523,0.08655233701756763,0.4478949269791789
2012-09-30,0.03853199838133037,0.47712662775423187,-3.703703703703698,0.061648485647387494,0.46414874831643804
2012-10-31,0.03851715695106783,0.26967945804385884,0.0,0.06192590749144844,0.46375391599865656
2012-11-30,0.32885355462126675,-0.16793444944266378,-1.2820512820512775,0.07115935899783092,0.45778897565309057
2012-12-31,0.3277756527360953,-0.012108160467716456,2.5974025974025983,0.07376164465497544,0.4555651789808217
2013-01-31,0.32670479396512686,0.1980788942180789,1.2658227848101111,0.09513869673559162,0.441623014028102
2013-02-28,0.08921211160430875,0.5429926752100966,-3.749999999999998,0.10164218745060645,0.43775290592465543
2013-03-31,0.0891325945346022,-0.28119191025899326,-2.5974025974025983,0.09433410351905253,0.4422417483032669
2013-04-30,0.08905321908989627,-0.2087979266581219,1.3333333333333197,0.07238447480872973,0.455386242082388
2013-05-31,0.2837978563614785,0.041415548950163306,-1.3157894736842035,0.10176311696031988,0.4357402943848201
2013-06-30,0.2829947234028074,0.23804082055085551,0.0,0.08119662720582813,0.44905520612888056
2013-07-31,0.2821961232643444,0.19574523005443378,-2.6666666666666727,0.08384998640105584,0.44886440261251154
2013-08-31,0.2905805844757525,0.23872906826962748,-1.3698630136986245,0.14170516047864853,0.41284868857870544
2013-09-30,0.2897386601835361,0.037694469193350066,0.0,0.1434012146020611,0.4099034284827573
2013-10-31,0.28890160055685676,0.053523104853914205,0.0,0.17057201188934584,0.39405613563276004
2013-11-30,-0.11503199509492745,0.18444894273523804,-4.1666666666666625,0.17735456053096166,0.3917388843773375
2013-12-31,-0.1151644710836397,0.2644169158479315,-2.898550724637683,0.17892903487345996,0.3922156626370209
2014-01-31,-0.11529725255473577,0.24241752904536895,-1.4925373134328401,0.16795925832283234,0.39734978948704425
2014-02-28,0.4306140430710981,0.11007786202441583,1.5151515151515138,0.165435033398728,0.4001338391713517
2014-03-31,0.4287677091035391,0.204205530106516,0.0,0.16061414197236323,0.4036362644166608
2014-04-30,0.4269371405068778,0.18641856050976013,-7.462686567164178,0.163853025659049,0.4021731076929391
2014-05-31,0.4051304697722635,0.19030059035471947,1.6129032258064502,0.1627346998476122,0.402558141619455
2014-06-30,0.4034957854013532,0.1321132206079767,-3.1746031746031744,0.16378773280107845,0.4018896311166321
2014-07-31,0.40187423978121917,0.11254852864928111,1.6393442622950838,0.16002485409635897,0.40572278715891785
2014-08-31,0.16857771207068328,-0.01600013473797013,-1.6129032258064613,0.15611624133822513,0.40741375396559015
2014-09-30,0.16829400588602716,0.007159100480080838,-3.2786885245901565,0.15476950642164772,0.40812722614601205
2014-10-31,0.16801125301795228,-0.019791390324119806,-3.3898305084745783,0.14736727287462525,0.41236400232215675
2014-11-30,0.3001616591885581,-0.18826601524659647,1.754385964912264,0.14742487432891005,0.4112251595987163
2014-12-31,0.29926338524608465,-0.30846094445592387,-3.4482758620689724,0.15334466019506987,0.4082569555198661
2015-01-31,0.2983704716719604,-0.6370316441765556,1.7857142857143016,0.1239303463222182,0.4233178286540329
2015-02-28,0.20646836225295395,0.25346436802173855,-3.508771929824561,0.12440911486641193,0.42205390045603847
2015-03-31,0.20604294875112839,0.26939517808124425,-1.8181818181818077,0.13091097394518156,0.41827063601082287
2015-04-30,0.2056192847137206,0.10424788961589382,0.0,0.13413700644317805,0.4152790547032509
2015-05-31,0.13341502041761544,0.3297745341246827,3.703703703703698,0.15857652354195523,0.3984438977545692
2015-06-30,0.13323726189744534,0.27679208104607333,-5.357142857142849,0.2065776395462213,0.36922004056908875
2015-07-31,0.13305997642816259,0.15863197801873063,-1.8867924528301772,0.23726952378869484,0.3498803195783383
2015-08-31,0.06149304215454787,-0.000420108051790713,-1.9230769230769384,0.21016942444615852,0.36872423774145935
2015-09-30,0.061455251450870385,-0.22475875193775918,-1.9607843137254832,0.19946891686790683,0.3745266854188166
2015-10-31,0.061417507167393914,0.09894820166906904,0.0,0.2360186686002044,0.3500224170654531
2015-11-30,0.19317313534832348,0.11946174910508756,2.0000000000000018,0.2138073966879697,0.3698091766585059
2015-12-31,0.19280069619853624,-0.10755534268560574,-1.9607843137254832,0.2748688011720824,0.33558047035877625
2016-01-31,0.19242969041570746,-0.04584435630738959,-4.0000000000000036,0.3433619236174259,0.29136118210831485
2016-02-29,0.1070413561460315,-0.13296753235823022,2.083333333333348,0.3990423657689354,0.25696168652569784
2016-03-31,0.10692690014204587,0.31347962382444194,2.0408163265306145,0.37579530092922675,0.27141750550026134
2016-04-30,0.10681268864511928,0.38306451612901693,2.0000000000000018,0.3899019884458272,0.2600781724592155
2016-05-31,0.23646341835954487,0.23640958693178504,-5.882352941176472,0.3076249259897183,0.31342056303620325
2016-06-30,0.23590558794217564,0.2775957287827202,2.083333333333348,0.32492281318970745,0.30407072341075925
2016-07-31,0.2353503832368986,-0.05037007434789409,-2.0408163265306256,0.3085418936433914,0.3140437186384666
2016-08-31,0.18476637091615622,0.18492217858316895,2.083333333333348,0.25700871126659813,0.34658994169170887
2016-09-30,0.1844256144013734,0.26232097944252075,2.0408163265306145,0.17943520565265456,0.3974458689991025
2016-10-31,0.18408611245745998,0.23426874979268764,-1.9999999999999907,0.17054386843477592,0.4013612784022085
2016-11-30,0.16229673668060052,0.11789477167711837,-4.081632653061229,0.2131836723210152,0.37703704681356864
2016-12-31,0.16203376117387425,0.2524522158776188,0.0,0.2514791494215895,0.3531516968769537
2017-01-31,0.16177163650674675,0.4043076694815628,0.0,0.220811218996595,0.36996404694859425
2017-02-28,0.18662418743704556,0.15926573570097524,-2.1276595744680993,0.21483770649232756,0.37441301711413494
2017-03-31,0.18627655033858215,-0.04672016261895173,-4.347826086956507,0.1949219339493313,0.39705703978405815
2017-04-30,0.1859302059648904,0.12341528217407749,0.0,0.20005557775708663,0.39559590265197225
2017-05-31,0.2628413768515747,-0.07739779600562935,0.0,0.1862759963832022,0.4074957768503905
2017-06-30,0.2621523320525343,0.0651628661825221,-2.272727272727282,0.17067875888224385,0.41882681772242636
2017-07-31,0.26146689050157157,0.03276499715354486,0.0,0.18424762902948527,0.4105442608873907
2017-08-31,0.37568220892310045,0.38486261632881824,2.3255813953488413,0.17602059923731103,0.4161141209906544
2017-09-30,0.37427612012750355,0.5106389920997767,-2.272727272727282,0.17752386184925772,0.41569204761431316
2017-10-31,0.37288051739432504,0.07750522450138408,-2.3255813953488302,0.1896259310289731,0.40864691576043544
2017-11-30,0.27113660060607003,0.2668007428251684,0.0,0.18653413124126025,0.413571159223864
2017-12-31,0.2704034379165998,0.21068892447551058,-2.3809523809523947,0.1891802578758016,0.4147385331993429
2018-01-31,0.2696742295287491,0.42533443635115464,-2.4390243902438935,0.18157111816474802,0.4212373596837597
2018-02-28,0.1769417136709972,0.26922876006090224,2.499999999999991,0.2008162361640579,0.4122926028625857
2018-03-31,0.1766291829677913,0.0192362410782021,-2.4390243902438935,0.18559414492197965,0.42470407826524315
2018-04-30,0.17631775435886787,0.2604406656061986,0.0,0.14654127567151892,0.44964034087745974
2018-05-31,0.20789914177048452,0.2257949781598212,-5.000000000000004,0.13282712933416696,0.45709446009146676
2018-06-30,0.20746781795750735,0.09011451720948305,5.263157894736836,0.12849085430649512,0.4552143526912981
2018-07-31,0.2070382801553139,0.07808204989283585,-5.000000000000004,0.1220085397092005,0.46188554886703126
2018-08-31,0.04721473970523693,0.17873207703393845,0.0,0.12559119749522132,0.4604758730323768
2018-09-30,0.04719245790907323,0.2062281702117419,-2.631578947368407,0.13015748909693545,0.460033897500725
2018-10-31,0.04717019713365023,0.2339580144498754,2.7027027027026973,0.1391484550032587,0.45755743686875466
2018-11-30,0.2081060274822022,-0.07041919199911595,0.0,0.14216996456705253,0.4578189638649789
2018-12-31,0.20767384569180258,0.06848935445813442,2.6315789473684292,0.201889341442067,0.43262806997034975
2019-01-31,0.20724345523837062,-0.01938544192873204,2.564102564102577,0.36412963155352657,0.3326559872413747
2019-02-28,0.27838194690283924,0.2390015748779284,-5.000000000000004,0.36320181543797003,0.33182290579382656
2019-03-31,0.27760913319307967,0.34738396191409393,0.0,0.24418436738751517,0.4075923530367521
2019-04-30,0.27684059840751285,0.3969284269990103,-2.631578947368407,0.24799914020757585,0.403452714755028
2019-05-31,0.3900006188636951,0.03095477859496043,-2.7027027027027084,0.19637016501718632,0.4375621940469783
2019-06-30,0.3884855229201234,-0.051314191703555334,0.0,0.15698568451086645,0.45813898638071254
2019-07-31,0.38698215327832575,0.20614597172743387,2.77777777777779,0.15236912744659095,0.4568728092127105
2019-08-31,0.22729262318805787,0.14627373526019394,-2.7027027027027084,0.12325511958963474,0.4737789637509299
2019-09-30,0.22677717539729692,0.17652181723744054,-2.777777777777779,0.12406213829957732,0.47101433685781136
2019-10-31,0.2262640601527588,0.2857577257895372,2.857142857142869,0.044682578998384244,0.5130197502454639
2019-11-30,-0.4641470286139815,0.2173034162118226,0.0,0.0013466660305035741,0.5371568713998167
2019-12-31,-0.46631139911709196,0.31535707497585275,0.0,0.03696415295246616,0.5148031519628263
2020-01-31,-0.46849604960077507,0.16278961858509078,0.0,0.07539837923674748,0.49079935175060907
2020-02-29,-2.6363217459410393,0.08145554496077345,-2.777777777777779,0.10885427679143979,0.46960022474725327
2020-03-31,-2.7077055768803926,-0.43356168610749757,25.714285714285733,0.12393087258461226,0.43165923641313403
2020-04-30,-2.7830627213957015,-0.7872185461251346,236.36363636363632,0.052564069440132484,0.4679590994268534
2020-05-31,2.61007502013606,-0.08746856598409458,-10.810810810810823,0.10443642115044499,0.4356629116253867
2020-06-30,2.5436829859288856,0.43694404927541175,-16.666666666666664,0.10845300909067912,0.43457449868149794
2020-07-31,2.480584773103889,0.5027511226292525,-7.272727272727275,0.10265280006773245,0.43734045044522507
2020-08-31,0.3615751705384085,0.43867460643183254,-17.647058823529406,0.10120354872846732,0.4374167413788578
2020-09-30,0.36027251457939613,0.23823199478818502,-7.142857142857151,0.09933979373776872,0.4384251832599093
2020-10-31,0.3589792111485801,0.09883512992781007,-12.82051282051282,0.11178530385264983,0.4304394073762182
2020-11-30,0.460062046304599,0.20246959114205154,-1.4705882352941124,0.12430680648453124,0.4219422026004495
2020-12-31,0.45795516838575967,0.4685349273234163,0.0,0.16733320649813274,0.39526112602691044
2021-01-31,0.45586749961030737,0.23470147117750084,-4.477611940298509,0.2467424760897957,0.3454312956613729
2021-02-28,0.5233482912747833,0.3761660003807288,-3.125,0.23833737307534353,0.35052746510391497
2021-03-31,0.520623616474003,0.4839969958807089,-1.6129032258064613,0.18617697702043576,0.3848288352709984
2021-04-30,0.5179271653351192,0.6628566251689394,0.0,0.22919883752192716,0.35707846658582093
2021-05-31,0.28428313207338185,0.6652416844789455,-4.91803278688524,0.25228105398670736,0.34168653963521306
2021-06-30,0.2834772540568187,0.7878738209831537,1.7241379310344973,0.14125509211026482,0.41092454158211644
2021-07-31,0.2826759320866845,0.44537420673493866,-8.47457627118644,0.10363431401951345,0.4333556890470621
2021-08-31,0.6010529703475154,0.4069707540365952,-5.55555555555557,0.10498633965932495,0.4328582278071977
2021-09-30,0.5974619078039645,0.4243779088943578,-7.843137254901955,0.10421244743779184,0.434537187488677
2021-10-31,0.5939135008709462,0.9101259725283528,-4.255319148936176,0.10503086912221979,0.43248831848102914
2021-11-30,-0.08581815585407826,0.7916187500452088,-8.888888888888902,0.09620598950467953,0.43911115751736723
2021-12-31,-0.08589186667007365,0.7807370358543286,-4.8780487804877986,0.0966060931150901,0.43494849218228687
2022-01-31,-0.08596570421813832,0.6094977695656922,2.564102564102577,0.10159795098857856,0.43139310214129944
2022-02-28,0.02339314777994872,0.7116090290482324,-5.000000000000004,0.1076152093242975,0.43274941697706937
2022-03-31,0.02338767666620889,1.0055865921787532,-5.263157894736836,0.11827569495908358,0.423165289960977
2022-04-30,0.023382208110955816,0.3962125006957251,2.77777777777779,0.12467026528078624,0.4242984215523792
2022-05-31,0.2244027335154941,0.9206163313248528,-2.7027027027027084,0.14419570005662452,0.42001362549501825
2022-06-30,0.2239002951328839,1.1879094167570825,0.0,0.1513224656033496,0.4322098273866234
2022-07-31,0.22340010164596524,-0.033929589316261666,-2.777777777777779,0.15234149388493107,0.42295929530168924
2022-08-31,0.27594264151344916,0.2348724493259402,2.857142857142869,0.15874559984698663,0.46879039188992055
2022-09-30,0.2751832934644538,0.41277258566978503,-2.777777777777779,0.16436431503220275,0.4573891716084494
2022-10-31,0.2744281131445092,0.48830002124511385,2.857142857142869,0.17950245712356244,0.46916066670093065
2022-11-30,0.2306812643549483,0.20504250185411355,0.0,0.025644251555558738,0.5971896499205045
2022-12-31,0.23015035061622058,0.1312801827205723,-2.777777777777779,3.186134446363156e-06,0.6215589192141902
2023-01-31,0.22962187506567755,0.517074149637109,-2.857142857142858,0.0018185641505008507,0.6256972399189694
2023-02-28,0.20232462864140377,0.3700055900125232,5.882352941176472,0.044126929322074286,0.5883153909424017
2023-03-31,0.2019161026365568,0.053041956187338535,-2.777777777777779,0.150545656552803,0.5190914271992395
2023-04-30,0.201509223066898,0.3677834914912914,-2.857142857142858,0.17018372143320595,0.5270199348899863
2023-05-31,0.3571742624410401,0.12412600109599214,8.823529411764719,0.12384638983996693,0.5656689949872855
2023-06-30,0.355903068281882,0.18035305676999958,-2.7027027027027084,0.03562884627118724,0.6184148487548387
