DATE,gdp_percent_change,inflation_percent_change,overall_rate,LongTermRate,Slope,ZeroCouponYield1Y,ZeroCouponYield10Y,Recession
1967-11-30,0.006797570128944441,0.005934718100890191,3.9,5.78043197895,-0.72248642015,5.363020000000001,6.104145050048828,0.0
1967-12-31,0.00675167514366759,0.002949852507374784,3.8,5.759106856600001,0.2573909139,5.4826,6.080960750579834,0.0
1968-01-31,0.00670639573825782,0.002941176470588225,3.7,5.552207194272727,-0.4485396723181818,5.199345454545455,5.934634685516357,0.0
1968-02-29,0.00556791001498147,0.0029325513196480912,3.8,5.646273129684211,6.229295445315789,5.180384210526316,6.008784770965576,0.0
1968-03-31,0.005537080051509102,0.0029239766081869956,3.7,5.753962177380952,19.10053265752381,5.315371428571429,6.148505687713623,0.0
1968-04-30,0.005506589623950342,0.00291545189504383,3.5,5.666595867,12.955901620099999,5.34405,6.055269241333008,0.0
1968-05-31,0.0025817285368128218,0.0029069767441860517,3.5,5.948643717227273,4.5141956395,5.6904,6.294809341430664,0.0
1968-06-30,0.002575080378315775,0.005797101449275477,3.7,12.462566326200001,-2.3106747689,5.576040000000001,6.092645168304443,0.0
1968-07-31,0.0025684663709613087,0.0057636887608067955,3.7,24.962752121818184,-19.65961269090909,5.286690909090908,5.897542476654053,0.0
1968-08-31,0.0013092469967501685,0.002865329512893977,3.5,11.117478782545454,-5.213644658181818,4.987377272727273,5.861096382141113,0.0
1968-09-30,0.0013075351103339905,0.0028571428571428914,3.4,5.63725263275,0.41446636400000003,4.99722,5.879258155822754,0.0
1968-10-31,0.0013058276947748304,0.005698005698005604,3.4,5.737690104826087,0.4469627290869565,5.054434782608696,5.975129127502441,0.0
1968-11-30,0.005214768897025657,0.0028328611898016387,3.4,5.8058028951111105,0.8547523343888889,5.238133333333334,6.0155558586120605,0.0
1968-12-31,0.005187716156167754,0.005649717514124353,3.4,6.096337674380953,2.859971633238095,5.6623190476190475,6.414613246917725,0.0
1969-01-31,0.005160942650598299,0.002808988764045006,3.4,6.078755962727272,2.1951461581363634,5.913468181818181,6.4380621910095215,0.0
1969-02-28,0.0010111798206158262,0.0028011204481790397,3.4,6.122056635210527,2.4068246962105264,6.088963157894737,6.508389949798584,0.0
1969-03-31,0.0010101583688577609,0.008379888268156499,3.4,6.1532444503,1.1774909081999998,6.18816,6.571765422821045,0.0
1969-04-30,0.001009138978673052,0.005540166204986097,3.4,6.0963759640952375,8.840670604571429,6.046809523809524,6.47349214553833,1.0
1969-05-31,0.002199841183731621,0.0027548209366392573,3.4,6.283992845095239,2.759734960952381,6.22604761904762,6.673685550689697,1.0
1969-06-30,0.002195012504824456,0.005494505494505475,3.5,6.361536944047619,-8.74083682552381,6.906057142857143,6.809732437133789,1.0
1969-07-31,0.002190204977510879,0.005464480874316724,3.5,6.011909767095238,0.7079332775714287,7.431285714285714,7.024299621582031,1.0
1969-08-31,-0.0016273635011685439,0.0027173913043478937,3.5,5.80826704252381,1.367692124142857,7.401295238095238,7.043697834014893,1.0
1969-09-30,-0.0016300161299245275,0.005420054200542035,3.7,6.550396623952381,0.7572213018095239,7.655204761904762,7.594743728637695,1.0
1969-10-31,-0.001632677420455031,0.005390835579514697,3.7,3.0578619911561264,4.250237587318182,7.4796,7.543740749359131,1.0
1969-11-30,-0.000496305712262779,0.00536193029490617,3.5,1.5665059885424555,6.287555786470588,7.710047058823529,7.493363380432129,1.0
1969-12-31,-0.000496552153933072,0.005333333333333412,3.5,2.8120868370063365,5.445338092181818,8.036804545454546,7.870418071746826,1.0
1970-01-31,-0.0004967988404674939,0.0053050397877982824,3.9,3.099074572853733e-06,7.943341452047618,8.003166666666667,8.17470645904541,1.0
1970-02-28,0.00047239471672533284,0.005277044854881341,4.2,0.7909187397994395,6.4266813317222224,7.43001111111111,7.950289726257324,1.0
1970-03-31,0.00047217166532531607,0.005249343832020914,4.4,4.2531437495788875,2.3052446918571428,6.817738095238096,7.426700592041016,1.0
1970-04-30,0.00047194882446288666,0.005221932114882533,4.6,4.241520281727274,2.168529901863636,6.874390909090909,7.778069972991943,1.0
1970-05-31,0.0030715579498548085,0.0025974025974027093,4.8,7.089135799809524,-0.43998914457142857,7.550890476190476,8.187244415283203,1.0
1970-06-30,0.003062152371394955,0.005181347150258864,4.9,7.428642238681818,-0.930145417409091,7.392954545454546,8.11048412322998,1.0
1970-07-31,0.0030528042197139893,0.002577319587628857,5.0,7.418105660818182,-1.4873903491818181,7.002390909090909,7.900371551513672,1.0
1970-08-31,-0.003571910577354065,0.0025706940874037354,5.1,7.268334240380953,-1.0914774462380952,6.8669714285714285,7.908417224884033,1.0
1970-09-30,-0.0035847148582731636,0.00512820512820511,5.4,7.444921973952381,-1.2975832475714286,6.62287619047619,7.644623279571533,1.0
1970-10-31,-0.0035976112688428374,0.005102040816326481,5.5,7.267249618999999,-1.7809768797619048,6.380409523809523,7.51066780090332,1.0
1970-11-30,0.00905383075279631,0.005076142131979822,5.9,7.029172228388889,-2.4913423300555557,5.509777777777778,6.98769474029541,1.0
1970-12-31,0.008972594401670086,0.005050505050504972,6.1,6.651393108272727,-2.2697616851363636,5.018427272727273,6.5441975593566895,1.0
1971-01-31,0.008892802888259776,0.002512562814070307,5.9,6.73140274685,-2.9710182436499997,4.498105000000001,6.590431213378906,0.0
1971-02-28,0.0018027222943659549,0.0,5.9,6.957298175666667,-3.3458928657777776,3.844222222222222,6.41129207611084,0.0
1971-03-31,0.0017994783346537702,0.0025062656641603454,6.0,7.184595752826087,-4.2641730124347825,3.5693652173913044,5.871702671051025,0.0
1971-04-30,0.0017962460288412085,0.0024999999999999467,5.9,6.694320395571429,-3.3603750600476188,4.263538095238095,6.342358112335205,0.0
1971-05-31,0.0027414894181359006,0.004987531172069737,5.9,6.7552137176,-3.0718785085,4.94416,6.80607795715332,0.0
1971-06-30,0.0027339942019619645,0.00496277915632759,5.9,6.882981622181817,-2.5120528729545453,5.455259090909091,7.002509117126465,0.0
1971-07-31,0.0027265398577993594,0.0024691358024691024,6.0,7.032535475904762,-2.575571424,5.934204761904762,7.293828010559082,0.0
1971-08-31,0.0007828821370940986,0.0024630541871921707,6.1,6.757113045227272,-2.1248069329545456,5.705390909090909,6.313608333333334,0.0
1971-09-30,0.0007822697121102618,0.002457002457002311,6.0,6.36114271947619,-1.7559337562380952,5.284209523809524,6.193338095238095,0.0
1971-10-31,0.0007816582445403508,0.002450980392156854,5.8,5.738821336315789,-1.0965396002105263,4.780031578947368,5.946810526315789,0.0
1971-11-30,0.006124053039890942,0.0024449877750611915,6.0,6.23696636265,-2.05397441495,4.54497,5.954865,0.0
1971-12-31,0.006086777292906964,0.0024390243902439046,6.0,6.506689828545455,-2.4967184815454546,4.539831818181818,6.041486363636364,0.0
1972-01-31,0.0060499525789265984,0.0024330900243310083,5.8,6.537874166809523,-3.2334185230952377,4.173266666666667,6.048852380952381,0.0
1972-02-29,0.007564291685848046,0.004854368932038833,5.7,6.5515377604000005,-3.6156820993,4.1414,6.13178,0.0
1972-03-31,0.007507502745250694,0.0,5.8,6.449733924409091,-3.040576751227273,4.591809090909091,6.151959090909091,0.0
1972-04-30,0.007451560137065272,0.0024154589371980784,5.7,6.483894031449999,-2.9755175579,4.894665,6.282555,0.0
1972-05-31,0.0031469654385840595,0.002409638554216942,5.7,6.4734612315909095,-2.901794924909091,4.583386363636364,6.15115,0.0
1972-06-30,0.003137093114973677,0.0024038461538462563,5.7,6.419057142636363,-2.3746617087727273,4.840240909090909,6.141986363636364,0.0
1972-07-31,0.003127282538453624,0.0023980815347719453,5.6,6.27733298055,-2.6440577907000002,4.92825,6.10379,0.0
1972-08-31,0.005581452833266942,0.0023923444976077235,5.6,6.446556869913043,-2.4678676370869566,4.941769565217392,6.223552173913043,0.0
1972-09-30,0.005550473129293465,0.004773269689737569,5.5,6.648090347999999,-1.9373179125,5.39841,6.442995000000001,0.0
1972-10-31,0.0055198354310552755,0.002375296912114022,5.6,6.4402188165,-2.0274894347,5.43736,6.313535,0.0
1972-11-30,0.008249805769519059,0.004739336492890933,5.3,6.3739012699,-1.9324714623,5.293705,6.22528,0.0
1972-12-31,0.008182303356084386,0.002358490566037874,5.2,6.3875396338,-1.56181715625,5.451735,6.248749999999999,0.0
1973-01-31,0.008115896627868269,0.004705882352941337,4.9,6.373666229318181,-1.1246517212272726,5.875877272727272,6.31495,0.0
1973-02-28,0.0036291447802201393,0.007025761124121788,5.0,6.421661973666667,-0.8079114967222222,6.181072222222222,6.484883333333333,0.0
1973-03-31,0.0036160217138918593,0.009302325581395321,4.9,6.387284237727273,0.021358129363636364,6.754313636363636,6.5557727272727275,0.0
1973-04-30,0.0036029932122014774,0.00691244239631339,5.0,6.4738270908999995,-0.29718550365,6.754099999999999,6.5256,0.0
1973-05-31,-0.0017527944294608577,0.004576659038901587,4.9,6.6122237614090915,-4.3305599928181815,6.817409090909091,6.639895454545454,0.0
1973-06-30,-0.001755872112318313,0.006833712984054774,4.9,6.519340202285714,-18.936618833809526,7.118204761904762,6.580452380952382,0.0
1973-07-31,-0.0017589606222213616,0.0,4.8,6.767792897904762,-10.548352190285714,8.253557142857144,6.934319047619048,0.0
1973-08-31,0.0031641028023183804,0.018099547511312153,4.8,6.928862778000001,2.5266029486956523,8.529,7.126378260869565,0.0
1973-09-30,0.0031541228334222016,0.004444444444444473,4.8,7.1233353366315795,2.388865401473684,8.063831578947369,6.89728947368421,0.0
1973-10-31,0.0031442056226747006,0.008849557522123908,4.6,6.845178104285715,1.1095250601904763,7.152314285714286,6.682071428571429,1.0
1973-11-30,-0.002865684216048936,0.006578947368421018,4.8,6.563506997499999,-1.21448698845,7.397320000000001,6.648025,1.0
1973-12-31,-0.002873919963125582,0.008714596949890963,4.9,6.600500275157895,-2.8965682758421054,7.1648578947368415,6.613084210526316,1.0
1974-01-31,-0.002882203184394805,0.010799136069114423,5.1,6.878242513772728,1.8018007422727274,7.290395454545455,6.836600000000001,1.0
1974-02-28,0.0007923233689635101,0.010683760683760646,5.2,6.999851133722222,1.2196392407222223,6.766677777777778,6.8674,1.0
1974-03-31,0.0007916960896505731,0.010570824524312794,5.1,7.083769472333333,2.595516542047619,7.576233333333333,7.114304761904761,1.0
1974-04-30,0.000791069802781097,0.006276150627615218,5.1,7.378530740095238,2.1373174192380953,8.39352380952381,7.505276190476191,1.0
1974-05-31,-0.0031509246150025483,0.01039501039501034,5.1,7.305933410181819,1.9214961039545455,8.550849999999999,7.623609090909091,1.0
1974-06-30,-0.003160884323221924,0.008230452674897082,5.4,7.47463505925,1.6895101165500002,8.402435,7.6263499999999995,1.0
1974-07-31,-0.0031709071940618783,0.006122448979591688,5.5,2.7410552006589253,5.9394382501818175,8.482036363636364,7.692672727272727,1.0
1974-08-31,-0.0012946859073488248,0.012170385395537497,5.5,7.260505190634809,2.414388798818182,9.063840909090908,8.087518181818181,1.0
1974-09-30,-0.0012963642919284757,0.014028056112224574,5.9,7.9401212081,0.07352703300000003,8.625505,8.01654,1.0
1974-10-31,-0.0012980470337521366,0.007905138339920903,6.0,0.7106487180879799,7.088843069454546,7.870122727272727,7.556436363636364,1.0
1974-11-30,-0.00405878110429525,0.009803921568627416,6.6,0.2808436961375685,7.151387188777777,7.4563555555555565,7.3897611111111114,1.0
1974-12-31,-0.0040753219439956245,0.007766990291262044,7.2,7.254646466095238,1.6583711155238094,7.1081095238095235,7.195057142857143,1.0
1975-01-31,-0.004091998153866738,0.007707129094412402,8.1,7.326093840636363,1.0164894889090907,6.698327272727273,7.250345454545454,1.0
1975-02-28,0.002382337298113324,0.005736137667304186,8.1,7.464152171499999,-1.0389704595,5.897722222222223,7.196072222222223,1.0
1975-03-31,0.0023766752560054893,0.0038022813688212143,8.6,7.5824354713,-1.1806563451,5.981425,7.327325,1.0
1975-04-30,0.002371040063754881,0.0037878787878788955,8.8,7.949630469727273,0.14381926609090906,6.788372727272727,7.828072727272727,0.0
1975-05-31,0.005706815387444664,0.0018867924528302993,9.0,7.933397429380952,-2.0120978463809522,6.27484761904762,7.7271809523809525,0.0
1975-06-30,0.005674432449029432,0.007532956685499137,8.8,7.763053688952381,-2.261480716142857,6.1927095238095236,7.559966666666666,0.0
1975-07-31,0.005642414946565921,0.009345794392523255,8.6,7.612285866045454,-1.5156552021363636,6.976399999999999,7.661449999999999,0.0
1975-08-31,0.004490309651325353,0.0037037037037037646,8.4,7.867882223,-1.5917414056190478,7.471857142857142,7.9326952380952385,0.0
1975-09-30,0.004470236903414193,0.007380073800737907,8.4,7.935339855380952,-1.5152677911904762,7.501457142857142,8.046866666666668,0.0
1975-10-31,0.004450342816721964,0.005494505494505475,8.4,8.01880728359091,-2.1169458629999998,6.8691818181818185,7.932468181818181,0.0
1975-11-30,0.007498225410823567,0.007285974499089187,8.3,8.107223705000001,-2.6126095480588236,6.436776470588235,7.873382352941176,0.0
1975-12-31,0.00744242046457777,0.005424954792043524,8.2,7.974016058999999,-2.5301961489545453,6.527340909090909,7.777627272727273,0.0
1976-01-31,0.007387440029720027,0.003597122302158251,7.9,7.900242691809524,-2.5172384033333333,5.75544761904762,7.605785714285714,0.0
1976-02-29,0.0024445801255994493,0.0017921146953405742,7.7,7.885324822777777,-2.7550081049444444,5.86505,7.608066666666667,0.0
1976-03-31,0.002438618726726016,0.0017889087656530744,7.6,7.802810649826086,-2.8173882726521735,6.139452173913043,7.57465652173913,0.0
1976-04-30,0.0024326863322798875,0.0017857142857142794,7.7,7.745518494666666,-2.9607734926666667,5.8319190476190474,7.439519047619047,0.0
1976-05-31,0.0018246919491420321,0.005347593582887722,7.4,7.86880873275,-2.7203178024500003,6.352885,7.660349999999999,0.0
1976-06-30,0.0018213685126804435,0.005319148936170359,7.6,7.849757109045455,-2.4084681741818184,6.453286363636363,7.6516863636363635,0.0
1976-07-31,0.001818057160613895,0.005291005291005346,7.8,7.924439469904762,-2.683529872095238,6.200857142857142,7.644409523809524,0.0
1976-08-31,0.0024086785705828007,0.0052631578947368585,7.8,7.966357714318182,-2.7655442310909093,6.0083,7.587827272727273,0.0
1976-09-30,0.0024028907790558662,0.00523560209424101,7.6,7.936741108857143,-2.812526549047619,5.838480952380952,7.4785714285714295,0.0
1976-10-31,0.002397130735714903,0.005208333333333259,7.7,8.221270056849999,-3.17283618565,5.54031,7.370665,0.0
1976-11-30,0.003954110492808693,0.003454231433505983,7.8,8.253920657315788,-3.437122458052632,5.348394736842105,7.2370368421052635,0.0
1976-12-31,0.003938537082006643,0.005163511187607606,7.8,7.830285453727272,-3.3789965346818183,4.949390909090909,6.840568181818182,0.0
1977-01-31,0.003923085862859832,0.005136986301369939,7.5,7.501186212571428,-2.7291289142380952,5.390871428571428,7.071190476190476,0.0
1977-02-28,0.006473078406498134,0.010221465076660996,7.6,7.685200219052632,-2.9810046790526314,5.5177,7.257547368421053,0.0
1977-03-31,0.006431447144862323,0.005059021922428464,7.4,7.808509307913043,-3.14342825073913,5.491843478260869,7.333852173913043,0.0
1977-04-30,0.0063903479597220425,0.006711409395973034,7.2,7.8486406102999995,-3.27242993105,5.368995,7.278364999999999,0.0
1977-05-31,0.006010549907385476,0.0033333333333334103,7.0,7.947544386,-2.7733882793809523,5.753628571428571,7.379190476190476,0.0
1977-06-30,0.005974639041249397,0.004983388704318914,7.2,7.958688112636364,-2.709336147318182,5.692172727272728,7.239977272727272,0.0
1977-07-31,0.005939154735494778,0.0049586776859502635,6.9,7.823675308,-2.4462263237894737,5.826099999999999,7.247000000000001,0.0
1977-08-31,6.64259880900353e-06,0.00493421052631593,7.0,7.614105539130435,-1.7462913172173913,6.237717391304348,7.262573913043478,0.0
1977-09-30,6.642554685187818e-06,0.003273322422258529,6.8,7.632442772285714,-1.4721031544285714,6.401123809523809,7.240671428571429,0.0
1977-10-31,6.64251056203824e-06,0.004893964110930016,6.8,7.6111842407,-0.98932819055,6.83104,7.38775,0.0
1977-11-30,0.0010661404652363426,0.006493506493506551,6.8,7.667416220157896,-1.0723931189473683,6.818952631578948,7.443373684210527,0.0
1977-12-31,0.001065005020288723,0.004838709677419395,6.4,7.790324444571429,-1.2926618876666667,6.811252380952381,7.5716,0.0
1978-01-31,0.001063871991276999,0.006420545746388617,6.4,8.029794013650001,-1.1674940207,7.14457,7.8367249999999995,0.0
1978-02-28,0.01288257561266537,0.004784688995215225,6.3,8.102536537111112,-1.2736878845000001,7.169250000000001,7.905805555555555,0.0
1978-03-31,0.012718725667556274,0.006349206349206327,6.3,8.044372131954546,-1.3657150709090908,7.1374545454545455,7.889081818181818,0.0
1978-04-30,0.012558991302518363,0.007886435331230235,6.1,8.0633422703,-1.39116893725,7.309310000000001,7.959975,0.0
1978-05-31,0.00335249584922348,0.009389671361502261,6.0,8.128883785095237,-1.5589654125714285,7.634080952380952,8.076152380952381,0.0
1978-06-30,0.0033412941743726776,0.007751937984496138,5.9,8.266574984681817,-1.1771618004545454,7.908177272727273,8.229759090909091,0.0
1978-07-31,0.003330167106420312,0.007692307692307665,6.2,8.42477590035,-1.335197199,8.21678,8.406270000000001,0.0
1978-08-31,0.004480418069500169,0.006106870229007688,5.9,8.15930459721739,-1.1445495129130434,8.111126086956522,8.162421739130435,0.0
1978-09-30,0.0044604334628155495,0.009104704097116834,6.0,8.1388303547,-0.75202476955,8.415205,8.171420000000001,0.0
1978-10-31,0.004440626344472731,0.009022556390977376,5.8,8.279236742761904,-0.7352351511428571,8.847395238095238,8.343080952380953,0.0
1978-11-30,0.0005986460459699305,0.005961251862891315,5.9,8.26446184365,0.30311589995,9.69266,8.450795,0.0
1978-12-31,0.0005982878832941907,0.005925925925926112,6.0,8.4315747999,0.6843133083999999,9.929035,8.652595,0.0
1979-01-31,0.0005979301489309474,0.008836524300441795,5.9,8.489428460636363,0.6840596522727272,10.11294090909091,8.738504545454544,0.0
1979-02-28,0.00035581762741809797,0.010218978102189746,5.9,8.556790090611111,0.6771859917222223,9.801511111111111,8.719027777777777,0.0
1979-03-31,0.00035569106626676117,0.010115606936416333,5.8,8.6061160425,0.9531604393181818,9.813040909090908,8.776295454545455,0.0
1979-04-30,0.0003555645951167641,0.010014306151645114,5.8,8.6851406121,1.08628518955,9.702615,8.84477,1.0
1979-05-31,0.002476015625481498,0.011331444759206999,5.6,8.730445183999999,1.1239157834285716,9.759609523809523,8.874990476190476,1.0
1979-06-30,0.0024699001142054477,0.011204481792717047,5.7,8.516962972285715,0.4484117935238095,9.188871428571428,8.590357142857144,1.0
1979-07-31,0.002463814737902803,0.011080332409972193,5.7,8.51938334247619,-2.5412373275714284,9.1577,8.58425238095238,1.0
1979-08-31,0.000833483898313947,0.009589041095890538,6.0,8.595388013217391,1.1727549390434782,9.536008695652175,8.698391304347826,1.0
1979-09-30,0.0008327897814404128,0.009497964721845387,5.9,8.779448497578947,1.1922289427894737,10.466589473684209,8.971894736842106,1.0
1979-10-31,0.0008320968197117473,0.010752688172043001,6.0,9.498964098772728,2.6393946477727273,11.79193181818182,9.84435,1.0
1979-11-30,0.0010485705130875989,0.010638297872340496,5.9,10.054071319421054,2.9047046884736845,11.832684210526315,10.178863157894737,1.0
1979-12-31,0.0010474721646624996,0.011842105263157876,6.0,10.2038016645,3.06224116395,11.58164,9.992945,1.0
1980-01-31,0.0010463761148085116,0.014304291287386084,6.3,10.612657758681818,2.3070410994545454,11.660704545454546,10.439463636363637,1.0
1980-02-29,-0.006868116213858522,0.012820512820512775,6.3,12.438282694736841,0.5883109664736842,13.128368421052631,11.858747368421051,1.0
1980-03-31,-0.006915613450728331,0.013924050632911245,6.3,14.460499492857144,1.7411746519523807,15.13714761904762,11.92717619047619,1.0
1980-04-30,-0.006963772207474017,0.00998751560549338,6.9,11.689399497619048,3.4726718037619047,12.8871,11.01247619047619,1.0
1980-05-31,-0.00039618249929407323,0.009888751545117369,7.5,11.229448562857144,-2.0582454704285715,9.220828571428573,10.082938095238095,1.0
1980-06-30,-0.00039633952207640544,0.009791921664626724,7.6,14.441775867619047,-7.048815878190476,8.14792857142857,9.582857142857144,1.0
1980-07-31,-0.0003964966693769112,0.00121212121212122,7.8,24.279089304090913,-16.157595512772726,8.585227272727273,9.97884090909091,0.0
1980-08-31,0.006216411067155425,0.007263922518159882,7.7,13.687246015714285,-4.571719898761905,9.969152380952382,10.79139523809524,0.0
1980-09-30,0.006178006042022899,0.008413461538461675,7.5,13.291863128095239,-2.786282880190476,11.128142857142857,11.173661904761904,0.0
1980-10-31,0.006140072636177996,0.009535160905840279,7.5,12.54460685409091,-0.5666495964090908,11.915968181818181,11.413586363636364,0.0
1980-11-30,0.006531407368951303,0.010625737898465104,7.5,11.881383875294118,3.434475709176471,13.430764705882353,12.080988235294118,0.0
1980-12-31,0.006489024903876706,0.009345794392523477,7.2,11.773322098636363,13.156660381045453,14.204554545454545,12.11960909090909,0.0
1981-01-31,0.006447188934321835,0.0092592592592593,7.5,11.759074942857143,6.492538279714286,13.3566,11.916995238095238,0.0
1981-02-28,-0.002470252355693092,0.00917431192660545,7.4,12.420780562222223,-0.850545009111111,13.714333333333334,12.536583333333333,0.0
1981-03-31,-0.0024763696135644553,0.006818181818181834,7.4,12.610735161818182,1.340442560772727,13.080186363636363,12.657663636363635,0.0
1981-04-30,-0.002482517243832416,0.0056433408577878375,7.2,12.824386393809524,0.14837693871428573,13.570280952380953,13.03502380952381,1.0
1981-05-31,0.003991673583211286,0.006734006734006925,7.5,12.860164992,7.3783349758,15.331729999999999,13.247495,1.0
1981-06-30,0.003975803473514006,0.008918617614269708,7.5,12.317473561818183,5.369474531363637,14.169004545454545,12.652436363636365,1.0
1981-07-31,0.003960059056960175,0.011049723756906049,7.2,12.85118078909091,4.236820997727272,14.963577272727271,13.333745454545454,1.0
1981-08-31,-0.003631989105411848,0.007650273224043769,7.4,13.275537975238096,3.6918887513809526,15.841995238095237,13.867009523809523,1.0
1981-09-30,-0.0036452285357404524,0.009761388286333883,7.6,14.020914105238095,1.0818932297619046,15.814128571428572,14.405938095238096,1.0
1981-10-31,-0.003658564840697487,0.003222341568206444,7.9,14.856156474285715,-1.1802704167142857,14.744795238095238,14.37107142857143,1.0
1981-11-30,-0.005178815474995324,0.004282655246252487,8.3,16.13949862333333,-4.525844973277778,12.200388888888888,12.860327777777778,1.0
1981-12-31,-0.005205775224286224,0.0031982942430703876,8.5,13.527312010909093,-2.5817492366363637,12.500386363636364,13.153159090909092,1.0
1982-01-31,-0.00523301713523705,0.0031880977683316214,8.6,14.208681875,-1.8086920927,13.820939999999998,14.01096,1.0
1982-02-28,0.0015205904282531435,0.0031779661016948513,8.9,14.906428301111113,-0.6964487428888888,14.217833333333333,13.785538888888889,1.0
1982-03-31,0.0015182817435663853,0.0,9.0,13.413272703478262,-0.1434446805652174,13.484821739130433,13.152817391304348,1.0
1982-04-30,0.0015159800587196681,0.0031678986272438703,9.3,12.751897204285715,0.6064873673809524,13.619366666666668,13.041404761904763,1.0
1982-05-31,-0.001274222785956014,0.0094736842105263,9.4,12.7361548415,-0.3599215513,13.081354999999999,12.905000000000001,1.0
1982-06-30,-0.0012758485011877818,0.011470281543274119,9.6,13.390275005,-0.6883294547727273,13.63079090909091,13.549772727272728,1.0
1982-07-31,-0.0012774783700514325,0.005154639175257714,9.8,13.087552542857143,-1.802570224,13.051342857142856,13.245280952380952,0.0
1982-08-31,0.00013336262654162212,0.002051282051282133,9.8,12.60327244,-5.761424765272728,11.435104545454546,12.502545454545453,0.0
1982-09-30,0.00013334484332294672,0.0,10.1,11.908649611428572,-6.2306992598571425,10.93632380952381,11.860880952380953,0.0
1982-10-31,0.00013332706484647794,0.004094165813715467,10.4,11.064108308,-12.3689078225,9.502745,10.889140000000001,0.0
1982-11-30,0.004392634700458586,-0.0010193679918449883,10.8,10.72663964,-2.7294878421578948,9.185947368421052,10.550773684210526,0.0
1982-12-31,0.004373423847108038,-0.003061224489795844,10.8,23.07362458772727,-15.025629628045454,8.958390909090909,10.567236363636363,0.0
1983-01-31,0.004354380296480054,0.0020470829068577334,10.4,24.999998540952383,-17.123653967142857,8.68717619047619,10.574014285714286,0.0
1983-02-28,0.007585067484533248,0.0010214504596526286,10.4,24.999997366842106,-16.855892831052632,8.968194736842106,10.764768421052631,0.0
1983-03-31,0.007527967344206132,0.0010204081632652073,10.3,24.99999712043478,-16.741509559565216,8.955082608695653,10.528882608695652,0.0
1983-04-30,0.00747172047645428,0.007135575942915473,10.2,24.9999913655,-16.6836565675,8.93256,10.421980000000001,0.0
1983-05-31,0.006663182028144199,0.004048582995951566,10.1,24.99998788904762,-16.859823013809525,8.78322380952381,10.424019047619048,0.0
1983-06-30,0.006619077907189963,0.002016129032258007,10.1,24.99862411590909,-16.134300919545453,9.48385,10.80169090909091,0.0
1983-07-31,0.006575553804276657,0.004024144869215096,9.4,13.630515659,-4.5727803915,9.934155,11.326155,0.0
1983-08-31,0.006953942094295229,0.0030060120240480437,9.5,11.978786946956523,-2.7362111142173915,10.287,11.695034782608696,0.0
1983-09-30,0.006905918735301997,0.0029970029970030065,9.2,11.696142917619047,-2.715233229095238,9.93152380952381,11.532642857142857,0.0
1983-10-31,0.0068585541179218,0.003984063745019917,8.8,11.723087683500001,-3.1217394692,9.624125,11.459875,0.0
1983-11-30,0.006515967807304568,0.0029761904761904656,8.5,11.740807562631579,-2.998848206631579,9.679542105263158,11.547747368421051,0.0
1983-12-31,0.006473784833736618,0.0029673590504453173,8.3,11.857528455714284,-2.6825915384761907,9.935742857142857,11.656680952380952,0.0
1984-01-31,0.006432144514132654,0.006903353057199135,8.0,11.648502734761905,-2.658514126095238,9.789595238095238,11.507509523809524,0.0
1984-02-29,0.005759205288331515,0.004897159647404559,7.8,11.834546277368421,-2.5967010095789473,9.870121052631578,11.631215789473684,0.0
1984-03-31,0.005726226772819087,0.0029239766081872176,7.8,11.951671120454545,-2.276682134409091,10.40155909090909,12.110427272727271,0.0
1984-04-30,0.00569362379182814,0.0038872691933915515,7.7,12.032614687,-2.11684765435,10.72923,12.386109999999999,0.0
1984-05-31,0.003213366822981456,0.0019361084220717029,7.4,13.113762543636364,-2.903418017,11.370804545454545,13.086359090909092,0.0
1984-06-30,0.003203074170710085,0.0019323671497584183,7.2,13.389889463809524,-3.574689891238095,11.814833333333334,13.221409523809525,0.0
1984-07-31,0.0031928472441709044,0.0038572806171648377,7.5,13.210098581428573,-3.4800242484761905,11.831595238095238,13.031623809523811,0.0
1984-08-31,0.0027359098160366635,0.0028818443804035088,7.5,12.439526270434783,-2.070657003565217,11.559804347826086,12.374421739130435,0.0
1984-09-30,0.0027284450364790658,0.002873563218390718,7.3,11.93277886631579,-1.3761711598421054,11.404431578947369,12.121552631578947,0.0
1984-10-31,0.002721020880563252,0.0038204393505252288,7.4,11.729260887727271,-1.9268891564090909,10.798618181818183,11.802572727272729,0.0
1984-11-30,0.0032299307584668924,0.0019029495718363432,7.2,12.065960625263157,-3.433729049421052,9.777936842105262,11.393373684210525,0.0
1984-12-31,0.003219531893376759,0.0018993352326686086,7.3,11.9197694275,-3.78904396195,9.311815,11.398515,0.0
1985-01-31,0.0032091997723573407,0.0018957345971564177,7.3,12.463598215714285,-4.836010452285715,9.002838095238095,11.332842857142857,0.0
1985-02-28,0.002934911909393101,0.005676442762535316,7.2,19.786917243888887,-11.516585182388889,9.284583333333334,11.393516666666667,0.0
1985-03-31,0.0029263234079721645,0.00470366886171214,7.2,13.190051515238094,-4.400461467571429,9.827704761904762,11.735614285714286,0.0
1985-04-30,0.0029177850253532256,0.0018726591760300781,7.3,12.103242055714285,-4.160528195095238,9.158942857142858,11.40882380952381,0.0
1985-05-31,0.005090904742895974,0.0018691588785046953,7.2,12.16202701409091,-4.845480969181818,8.50838181818182,10.91225909090909,0.0
1985-06-30,0.005065118706051752,0.002798507462686617,7.4,24.0862054925,-17.25578589505,7.841880000000001,10.23991,0.0
1985-07-31,0.005039592571447482,0.0018604651162790198,7.4,24.693221295909094,-17.80238058272727,7.91205,10.402527272727273,0.0
1985-08-31,0.0024781638157400643,0.0018570102135562205,7.1,18.448713439545454,-11.522579535318181,8.042986363636365,10.453240909090908,0.0
1985-09-30,0.002472037701357399,0.001853568118628246,7.1,15.391395117894739,-8.473984187210528,8.059773684210526,10.5124,0.0
1985-10-31,0.0024659418002577205,0.0037002775208141436,7.1,18.095903576818184,-11.0339079935,8.043431818181817,10.382545454545454,0.0
1985-11-30,0.0031124920994636263,0.004608294930875667,7.0,15.398717534210526,-8.288034075210527,7.87407894736842,9.945257894736843,0.0
1985-12-31,0.003102834551436562,0.004587155963302836,7.0,10.958614038095238,-3.7909305294761904,7.683371428571428,9.469557142857143,0.0
1986-01-31,0.0030932367495741797,0.0036529680365298134,6.7,10.967795536666667,-3.7078843493333333,7.73692380952381,9.365566666666666,0.0
1986-02-28,0.0015009878509402164,-0.0018198362147406888,7.2,10.243106315315789,-3.002751339263158,7.611647368421052,8.915115789473685,0.0
1986-03-31,0.0014987382630156088,-0.005469462169553352,7.2,9.110566682,-2.32344443485,7.05676,7.974785,0.0
1986-04-30,0.0014964954080871617,-0.0036663611365719273,7.1,8.273664837318181,-2.1248453076818183,6.525063636363637,7.479622727272727,0.0
1986-05-31,0.003188893455450037,0.002759889604415866,7.2,8.59695128947619,-2.6149770876190477,6.707761904761905,7.9462,0.0
1986-06-30,0.0031787567388892324,0.003669724770642313,7.2,8.926212442857143,-2.8407494568095237,6.828661904761906,8.143657142857142,0.0
1986-07-31,0.0031686842624363276,0.000914076782449591,7.0,8.7156980015,-2.9599782247727275,6.355031818181818,7.741413636363637,0.0
1986-08-31,0.0017879762653589815,0.0009132420091324533,6.9,8.66580838047619,-3.216636150047619,5.978247619047619,7.5799714285714295,0.0
1986-09-30,0.0017847851119399127,0.0036496350364965124,7.0,9.278220348619048,-4.199120681904762,5.849290476190476,7.905733333333333,0.0
1986-10-31,0.0017816053292729617,0.001818181818181941,7.0,9.188837832590908,-3.9730692832272725,5.8082863636363635,7.864727272727273,0.0
1986-11-30,0.0024728164513929674,0.001814882032667997,6.9,8.822444523166666,-3.4922630035555553,5.827661111111111,7.648344444444444,0.0
1986-12-31,0.002466716713722228,0.0036231884057971175,6.6,8.741533670863637,-3.2031211869545455,5.937445454545454,7.459518181818182,0.0
1987-01-31,0.002460646994654203,0.005415162454873723,6.6,8.5910771692,-3.0725140818,5.90662,7.39143,0.0
1987-02-28,0.003593925479933535,0.0035906642728904536,6.6,8.638212561789473,-2.8524376323684213,6.103563157894737,7.483631578947368,0.0
1987-03-31,0.003581055433565572,0.003577817531305927,6.6,8.501599364318182,-2.737415829590909,6.121436363636364,7.430540909090909,0.0
1987-04-30,0.0035682772349849845,0.004456327985739694,6.3,8.987985986952381,-3.257044838428572,6.603652380952381,8.156680952380952,0.0
1987-05-31,0.002890593417162135,0.002661934338952898,6.3,9.21835119935,-3.6008610086,7.164655000000001,8.682705,0.0
1987-06-30,0.0028822619696862173,0.004424778761061843,6.2,9.115790595318181,-3.279700233,6.992518181818181,8.502472727272727,0.0
1987-07-31,0.002873978411010336,0.002643171806167466,6.1,9.309263726727274,-3.4094973336363634,6.777509090909091,8.566890909090908,0.0
1987-08-31,0.005723189548510144,0.004393673110720586,6.0,9.601879914333333,-3.528259197047619,6.9996809523809524,8.823285714285714,0.0
1987-09-30,0.005690621045617572,0.0034995625546807574,5.9,10.168728314428572,-3.7027430348571433,7.676619047619048,9.450333333333333,0.0
1987-10-31,0.005658421115333434,0.0026155187445509043,6.0,9.979611847285716,-3.332499077380952,7.760138095238095,9.51547619047619,0.0
1987-11-30,0.0017229418016941889,0.003478260869565375,5.8,9.424128271894737,-3.5525371340526313,7.0772894736842105,8.911536842105264,0.0
1987-12-31,0.0017199783790469159,0.0017331022530329143,5.7,7.039617641727273,-1.524120859090909,7.2753080835,9.091013135499999,0.0
1988-01-31,0.0017170251329421404,0.0034602076124568004,5.7,4.009761270684211,2.0413416014210526,7.094926358473684,8.835084445210526,0.0
1988-02-29,0.004380107596098304,0.0017241379310344307,5.7,1.0582529028117775,4.88467460915,6.6975030558499995,8.44542787475,0.0
1988-03-31,0.004361005920937577,0.002581755593803692,5.7,2.1546986805609265,3.786850094173913,6.759164128869565,8.605026887826087,0.0
1988-04-30,0.00434207012740262,0.006008583690987113,5.4,2.62505823645,3.4530219017,7.01809688005,8.926465420549999,0.0
1988-05-31,0.001953232151046924,0.0025597269624573205,5.6,4.004092455571429,2.1005401792857143,7.394765896761904,9.231777268142858,0.0
1988-06-30,0.0019494244724913568,0.004255319148936065,5.4,6.352878119545454,-0.33187223586363634,7.537377919863636,8.984067014454546,0.0
1988-07-31,0.0019456316106150062,0.004237288135593209,5.4,3.6697464026420668,2.5685528513499998,7.7734920372000005,9.1646778838,0.0
1988-08-31,0.0044415201878804655,0.00421940928270037,5.6,5.095543019695652,2.1104303515652174,8.164985240304347,9.301538345695652,0.0
1988-09-30,0.004421880317183602,0.004201680672268893,5.4,6.367216314,1.0028919104285714,8.108950874380954,8.994643688952381,0.0
1988-10-31,0.004402413372144975,0.0033472803347280866,5.4,5.85328620705,1.55080919195,8.05937679805,8.82950543715,0.0
1988-11-30,0.0033879831696628226,0.0033361134278564464,5.3,6.95500341475,0.9520385477,8.39211949045,8.92417744515,0.0
1988-12-31,0.00337654349712313,0.0033250207813799726,5.3,7.911834106904761,-0.0748282320952381,8.887984858380952,8.991176773333333,0.0
1989-01-31,0.0033651808177161957,0.0041425020712511085,5.4,7.923301771699999,0.37652457055,8.96305217435,8.9551514901,0.0
1989-02-28,0.002543665524766592,0.0033003300330032292,5.2,8.136905160368421,0.4671501557368421,9.164341965315788,9.014213648421054,0.0
1989-03-31,0.002537211706818976,0.00493421052631593,5.0,8.560736037090908,0.37416128740909094,9.560399247363636,9.142148285954546,0.0
1989-04-30,0.00253079055539418,0.0073649754500817455,5.2,8.470774274350001,0.2810204325,9.3481229623,8.99808318285,0.0
1989-05-31,0.0024691187502410283,0.004874086108854758,5.2,8.238719300863636,0.36764312786363634,8.9484986355,8.757299932181818,0.0
1989-06-30,0.0024630372188614302,0.003233629749393563,5.3,7.671506205272727,0.9340083092272727,8.434393200818182,8.234094651545455,0.0
1989-07-31,0.0024569855719513978,0.003223207091055613,5.2,6.84462123095,1.4218336815000001,7.88232469085,8.0010925141,0.0
1989-08-31,0.0006566035179351726,0.0,5.2,7.4746835077826095,0.5893832803478262,8.140113809304347,8.057124359347826,0.0
1989-09-30,0.0006561726726497241,0.002409638554216942,5.3,7.68669001385,0.11322191289999999,8.195856601,8.1424948458,0.0
1989-10-31,0.0006557423924116179,0.004807692307692291,5.3,7.380113023904762,-0.07903892795238095,7.984484030666667,8.008098374666666,1.0
1989-11-30,0.00364294014874611,0.003987240829345984,5.4,7.444344471428572,0.616613427,7.751170311190476,7.856167666999999,1.0
1989-12-31,0.00362971730584416,0.003177124702144596,5.4,8.44970718155,-0.34429525025,7.7433509012,7.801899157949999,1.0
1990-01-31,0.003616590106147788,0.009501187648456089,5.4,8.040565672095239,0.023082237285714284,7.927985952285714,8.164665121857142,1.0
1990-02-28,0.001209900100715977,0.0039215686274509665,5.3,8.472913545052633,-0.6529497392105262,8.091127776578947,8.414400607421053,1.0
1990-03-31,0.0012084380114443238,0.004687499999999956,5.2,8.4707822945,-0.9311090801818181,8.285514701454545,8.507419758272727,1.0
1990-04-30,0.0012069794515958687,0.002332814930015692,5.4,8.69659606545,-2.0446314232,8.33571841295,8.68667208195,1.0
1990-05-31,0.00022193893109334617,0.0015515903801395226,5.4,7.849241512954546,0.5234592271818183,8.269845741727273,8.678405782681818,1.0
1990-06-30,0.00022188968513381369,0.006196746707978429,5.2,6.520920674666666,1.7448153356190477,8.026372159428572,8.433339322571427,1.0
1990-07-31,0.00022184046102369237,0.004618937644341736,5.5,3.812979028047619,4.193523858428572,7.89572450752381,8.448348984809524,1.0
1990-08-31,-0.003034681856559973,0.008429118773946254,5.7,0.03222814850596801,7.7826502065217396,7.762731881130435,8.753469252869566,1.0
1990-09-30,-0.003043919182877164,0.006838905775075954,5.9,0.12345439277417614,7.487979201947369,7.785747914368421,8.940662283263157,1.0
1990-10-31,-0.003053212916242165,0.006792452830188811,5.9,0.081129052549481,7.306773843772728,7.603112330681818,8.749444144136364,1.0
1990-11-30,-0.001559802150358669,0.002248875562218755,6.2,3.538117195384614e-06,7.1385398671999996,7.335284915,8.4163809525,1.0
1990-12-31,-0.0015622389340074205,0.0037397157816005944,6.3,0.2145046561013321,6.6963361479,7.101353329949999,8.13340688615,1.0
1991-01-31,-0.0015646833432454432,0.0037257824143070994,6.4,3.6337965441428572,2.714698388285714,6.776797879714286,8.210087148761906,1.0
1991-02-28,0.0025989635228700347,0.0007423904974017681,6.6,3.1185037094502084,2.8270514210526314,6.4215289873157895,7.99445201705263,1.0
1991-03-31,0.0025922264209590207,0.0,6.8,0.00010234263935884262,5.85878588925,6.530844760399999,8.2267355982,1.0
1991-04-30,0.0025855241569272547,0.002225519287833766,6.7,2.899806159079256,2.6649205895454546,6.353948007727272,8.181683160636364,0.0
1991-05-31,0.0016845289550537768,0.0037009622501851247,6.9,5.781524304863637,-0.4961455695,6.198022773136364,8.261048660136364,0.0
1991-06-30,0.0016816960892975796,0.002949852507374784,6.9,6.97200208175,-1.53626350475,6.4210517222500005,8.4403903189,0.0
1991-07-31,0.0016788727355838695,0.0014705882352941124,6.8,6.350497478636364,-0.8755084272272726,6.324688157363636,8.3915658105,0.0
1991-08-31,0.0011618161487285672,0.002936857562408246,6.9,2.420314726136364,2.814234733318182,5.869155802954546,8.114721904090908,0.0
1991-09-30,0.0011604678983843097,0.002928257686676483,6.9,2.2017763846,2.86220496265,5.661526508,7.8812755845,0.0
1991-10-31,0.0011591227736149623,0.0014598540145984717,7.0,1.7829958964285713,3.0574463975238095,5.407573172809524,7.759360586476189,0.0
1991-11-30,0.0039908406999582535,0.004373177842565745,7.0,5.653800056052631,-1.2213437975789476,5.035816232526316,7.752613873368421,0.0
1991-12-31,0.003974977199170171,0.002902757619738683,7.3,18.492018716666667,-14.584824931428571,4.516479327904762,7.502236891619047,0.0
1992-01-31,0.003959239313174434,0.0007235890014474222,7.3,21.330321223809523,-17.797430938857143,4.323627021857143,7.475896183285714,0.0
1992-02-29,0.0036143442516851643,0.002169197396963085,7.4,12.19320023168421,-8.705889166052632,4.451847706105263,7.6970028765789476,0.0
1992-03-31,0.003601327813205435,0.003607503607503615,7.4,9.397945935954546,-5.715619683,4.833624945954546,7.761651210090909,0.0
1992-04-30,0.0035884047912255745,0.0021567217828901697,7.4,10.793712504952381,-7.448780358952381,4.468063912666667,7.762247187095237,0.0
1992-05-31,0.0032937006219935228,0.002152080344332674,7.6,10.456736102499999,-7.242877008700001,4.3157490660999995,7.68773042065,0.0
1992-06-30,0.003282887772495302,0.0028632784538296097,7.8,10.452114271000001,-7.104791254227272,4.280720412863636,7.596401017181819,0.0
1992-07-31,0.0032721456854347686,0.002855103497501732,7.7,17.01074592090909,-14.06433537759091,3.7141222890454544,7.3345367905,0.0
1992-08-31,0.003476185331349413,0.002135231316725994,7.6,20.64130326,-17.794860428095237,3.5816809851904763,7.106416762809524,0.0
1992-09-30,0.003464143327130298,0.0021306818181816567,7.6,19.192756598095237,-16.590021394761905,3.3115772530952383,7.0127437876666665,0.0
1992-10-31,0.0034521844653503386,0.00425230333097093,7.3,16.000522869619047,-13.299771207619047,3.460908208857143,7.132217434238095,0.0
1992-11-30,0.0005564790744674308,0.0028228652081863093,7.4,8.496690480421053,-5.520616165157895,3.8379415580000003,7.263862807105262,0.0
1992-12-31,0.0005561695777354103,0.0014074595355384467,7.4,8.205003354157896,-5.1811395157368425,3.898254430210526,7.145942994894737,0.0
1993-01-31,0.0005558604250777144,0.0035137034434293835,7.3,8.242328403666667,-5.289168565666667,3.6532765919999997,7.011275936333333,0.0
1993-02-28,0.0019405698130958715,0.0021008403361342243,7.1,8.194348163157896,-5.294840634684211,3.4893228352105266,6.682424617894736,0.0
1993-03-31,0.001936811295562002,0.0013976240391335715,7.0,7.954201478434783,-4.960615066695652,3.4209168736521742,6.447566422565217,0.0
1993-04-30,0.0019330673089628103,0.0034891835310537633,7.1,8.037231954894738,-5.135774535631579,3.3178148400526317,6.430863897736843,0.0
1993-05-31,0.0015905160759190906,0.0027816411682890507,7.1,8.1644462498,-5.2846019788500005,3.4112327827,6.43153793225,0.0
1993-06-30,0.0015879903517361793,0.0006934812760057696,7.0,8.11716715790909,-5.1339751915,3.625050038318182,6.2492882510454555,0.0
1993-07-31,0.0015854726364865623,0.001386001386001201,6.9,7.8917902889523805,-4.921985207714286,3.5660865804761905,6.0654840746190475,0.0
1993-08-31,0.0045338310097062795,0.0020761245674740803,6.8,7.287151331380953,-4.292529164238095,3.511126438190476,5.973754766333333,0.0
1993-09-30,0.004513368161179088,0.0013812154696131174,6.7,7.35064364604762,-4.4163693466666665,3.41689803847619,5.654529488571429,0.0
1993-10-31,0.004493089195458877,0.004137931034482678,6.8,7.348507452526316,-4.372068358105263,3.444231260842105,5.605355530421053,0.0
1993-11-30,0.0032345432941722763,0.0027472527472527375,6.6,7.481079276699999,-4.4650047254,3.62999781755,5.97912351395,0.0
1993-12-31,0.003224114755410623,0.00205479452054802,6.5,7.397631914636364,-4.392009836500001,3.659045160636364,6.003766098318182,0.0
1994-01-31,0.0032137532461493645,0.0,6.6,7.476276856736842,-4.551120652368422,3.585670689263158,5.970615350263158,0.0
1994-02-28,0.004517275436150436,0.002734107997265811,6.6,7.531860487210526,-4.333089428210526,3.9128822731052635,6.200584057421052,0.0
1994-03-31,0.00449696142277789,0.0027266530334015826,6.5,7.697276999782609,-4.25944307873913,4.399265151173913,6.700349481695652,0.0
1994-04-30,0.004476829294145945,0.0006798096532969478,6.4,6.136114489736842,-2.5942209268421053,4.840302146894737,7.1513013547894735,0.0
1994-05-31,0.0019486151844427813,0.0020380434782609758,6.1,5.56018808404762,-1.6122393832380952,5.286724709428571,7.298054877190476,0.0
1994-06-30,0.001944825468004785,0.0027118644067796183,6.1,2.2212096861363637,1.8177611300454546,5.2351293124545455,7.2136739608181815,0.0
1994-07-31,0.0019410504636283576,0.0033806626098715764,6.1,6.321509636473684,-2.2197651386842105,5.449850932789474,7.411402841263158,0.0
1994-08-31,0.00381856718664908,0.0040431266846361336,6.0,6.4426907699565215,-2.1799897355217395,5.520393826391304,7.329268637521738,0.0
1994-09-30,0.003804041199746866,0.002013422818792021,5.9,5.398462693809524,-0.8442245601904762,5.700228634809524,7.556868228190477,0.0
1994-10-31,0.0037896253089402254,0.0006697923643670389,5.8,4.383284120631579,0.4658353251578948,6.050913783421053,7.79234388431579,0.0
1994-11-30,0.0011826016918068394,0.0026773761713521083,5.6,7.5151770648500005,-2.50056858765,6.4691071739999995,7.94472114565,0.0
1994-12-31,0.001181204797015445,0.0020026702269690944,5.5,7.854311220047619,-4.043387263809524,7.143704761904762,7.764814285714286,0.0
1995-01-31,0.0011798111983685189,0.0026648900732844094,5.6,7.95769129745,-3.52394555455,7.012950000000001,7.76524,0.0
1995-02-28,0.0009944094869904774,0.0026578073089700283,5.4,7.962832638666667,-2.333249700777778,6.624866666666667,7.4659,0.0
1995-03-31,0.0009934216191078704,0.001988071570576455,5.4,8.030449374590908,-2.2425068865454545,6.392188715136364,7.255201143136364,0.0
1995-04-30,0.0009924357120159044,0.003968253968254176,5.8,0.3711162591293396,5.419903530894737,6.221605570421053,7.118845900210527,0.0
1995-05-31,0.002835751674128195,0.0019762845849802257,5.6,2.5706052116300795e-05,5.747646487636364,5.948703847590909,6.682366348090909,0.0
1995-06-30,0.002827732925750004,0.0019723865877712132,5.6,3.3853508504860694,2.3179522059545454,5.628949069363636,6.2675095189545456,0.0
1995-07-31,0.0028197593992540515,0.001312335958005173,5.7,0.25332650443577187,5.26230348215,5.634883545799999,6.377369631500001,0.0
1995-08-31,0.0022636068368453444,0.001965923984272644,5.7,0.002225201810730633,5.489576858782609,5.741557918869566,6.580788169304348,0.0
1995-09-30,0.002258494493269536,0.001308044473512071,5.6,2.3012686868980515e-05,5.46202857015,5.62428163335,6.30696629115,0.0
1995-10-31,0.0022534051900566787,0.0026126714565644082,5.5,0.002938658476986539,5.48899734,5.582151814571429,6.110824648952381,0.0
1995-11-30,0.0024968337420891995,0.0013029315960910726,5.6,5.155716953523809,0.1805792990952381,5.418760932095238,6.002353975285714,0.0
1995-12-31,0.0024906150902934687,0.0013012361743658385,5.6,4.96635923855,0.12191102304999998,5.288247414500001,5.801768291749999,0.0
1996-01-31,0.002484427338074413,0.005198180636777128,5.6,4.623412400619047,0.7329941739047618,5.064963046095238,5.763045160857143,0.0
1996-02-29,0.005559813672971092,0.0019392372333548735,5.5,3.88558122545,1.1964552475499999,4.9202694725,5.94209280505,0.0
1996-03-31,0.005529073056989686,0.003225806451612856,5.5,1.938723042062549,3.020609460142857,5.370957358095238,6.405530196857143,0.0
1996-04-30,0.005498670506045578,0.0038585209003214604,5.6,1.9340043091363635,2.928021300727273,5.565533558727273,6.649574340590909,0.0
1996-05-31,0.002990112470437234,0.0019218449711724261,5.6,2.8640414171363635,2.050318802181818,5.652608652727273,6.8177933654090905,0.0
1996-06-30,0.00298119835206756,0.0019181585677747748,5.3,4.0749342552000005,0.8657829727499999,5.8240108074,6.9481573256999996,0.0
1996-07-31,0.0029723372252301594,0.0019144862795150708,5.5,3.9692500153636363,1.1309093907727272,5.860400134863636,6.869357463863636,0.0
1996-08-31,0.003461231767309947,0.001273885350318471,5.1,1.7630535416666666,3.2556781862857145,5.640572312285714,6.641782202190476,0.0
1996-09-30,0.0034492929649252435,0.0031806615776082126,5.2,5.52835934335,-0.6741723445,5.8303529258,6.87127252975,0.0
1996-10-31,0.003437436240284031,0.003170577045022105,5.2,2.3683848546755386,2.6510499253181816,5.580704786545454,6.577596321363637,0.0
1996-11-30,0.002151477328659057,0.003160556257901348,5.4,7.5124262775123065e-06,5.168617210631578,5.450305973421052,6.252404791842105,0.0
1996-12-31,0.0021468584114592293,0.002520478890989386,5.4,1.1408586190147185,3.990600471904762,5.502248371619048,6.329903445619048,0.0
1997-01-31,0.0021422592840953936,0.0018856065367693908,5.3,0.43984991471449064,4.716739815380952,5.647813830333333,6.586927149952381,0.0
1997-02-28,0.00555072610185281,0.0018820577164364583,5.2,0.010615283406873587,5.093294834388889,5.550644069777778,6.448303457388889,0.0
1997-03-31,0.005520085618525572,0.0006261740763933155,5.2,0.3019504872148969,4.96265876835,5.8234614895,6.7411856427000005,0.0
1997-04-30,0.005489781554318673,0.0006257822277846437,5.1,2.3033032257727273,2.988168338409091,6.011935047863636,6.922367591227272,0.0
1997-05-31,0.00416189658365318,0.0,4.9,2.6662872136666667,2.5620656732857143,5.874957696714286,6.738090752952381,0.0
1997-06-30,0.004144646991498746,0.0018761726078797558,5.0,1.0949851708245608,4.078695355714286,5.7354796387619045,6.547000765428571,0.0
1997-07-31,0.004127539796100477,0.0012484394506866447,4.9,0.04600259177287696,5.235329936227273,5.624630966590909,6.275628018909091,0.0
1997-08-31,0.002846200909148555,0.0024937655860348684,4.8,0.842563562134235,4.509403988238096,5.681632121190477,6.3792950964761905,0.0
1997-09-30,0.002838123040769469,0.0024875621890545485,4.9,4.0905520481428574,1.021220331952381,5.634052694142857,6.306623075809524,0.0
1997-10-31,0.002830090894594184,0.0018610421836229296,4.7,3.9331091653636365,1.2158548678636363,5.583343090954545,6.13413080340909,0.0
1997-11-30,0.003345843773607804,0.0012383900928791824,4.6,0.3893178073762599,5.053663328666667,5.596918690388889,5.942269251277778,0.0
1997-12-31,0.003334686433766443,0.0006184291898578831,4.7,0.43354909270546194,5.105284922454545,5.628091454863636,5.842997485681818,0.0
1998-01-31,0.0033236032590673315,0.0012360939431395046,4.6,2.0419468204222047,3.3424158463499998,5.335761987,5.62561838705,0.0
1998-02-28,0.0030856262666543177,0.0,4.6,0.7111162558917765,4.704820337842105,5.3892765824210525,5.693057287999999,0.0
1998-03-31,0.003076134465348268,0.0,4.7,0.008324479940406864,5.395894865863636,5.476379700136364,5.7574827982727275,0.0
1998-04-30,0.003066700881073192,0.0012345679012344402,4.3,2.2535856170000033,3.0180346870476193,5.467409222809524,5.748121330476191,0.0
1998-05-31,0.004196467571236706,0.002466091245376223,4.4,3.16541918655,2.12639495035,5.4976600068499994,5.77068911055,0.0
1998-06-30,0.004178930823553362,0.0012300123001232066,4.5,5.082092852909091,-0.11453967340909092,5.475951753545455,5.606222318090909,0.0
1998-07-31,0.0041615400356249665,0.002457002457002311,4.5,1.7614156040909092,3.507059871181818,5.397423834545455,5.555810403863637,0.0
1998-08-31,0.005363988569860423,0.001225490196078427,4.5,0.3805523876728984,4.819235086285714,5.256088930952381,5.417661016285714,0.0
1998-09-30,0.005335369707732296,0.000611995104039087,4.6,0.2691793136182079,4.788265975428571,4.851966417619048,4.998658285142857,0.0
1998-10-31,0.00530705460933234,0.0024464831804280607,4.5,4.048867269117533e-05,4.493812344047619,4.3280937015714285,4.847844126047619,0.0
1998-11-30,0.0031314458290723213,0.0012202562538132788,4.4,2.8959384519062815e-05,4.732788752315789,4.655839281368421,5.074754608736842,0.0
1998-12-31,0.0031216704870460354,0.001828153564899626,4.4,5.3668998582233126e-05,4.736414396181818,4.617515838363636,4.9347953855,0.0
1999-01-31,0.003111955985887871,0.0018248175182480342,4.3,4.089152384000561e-05,4.542207286947368,4.644622202368422,5.074780739052631,0.0
1999-02-28,0.002782476319562077,0.0,4.4,3.100778555026386e-06,4.5760260135789474,4.805626552473685,5.337962497789474,0.0
1999-03-31,0.002774755627735548,0.0006071645415908211,4.2,0.0018346198679928467,4.572889740826087,4.903232248913043,5.576027532391305,0.0
1999-04-30,0.0027670776634165506,0.006674757281553312,4.3,0.001173840142349603,4.4224236957142855,4.808044641190476,5.496256798,0.0
1999-05-31,0.004419610765019177,0.0006027727546713546,4.2,2.318121198206152e-05,4.553990666157895,4.994379495421053,5.813206347578948,0.0
1999-06-30,0.004400163753924602,0.0,4.3,0.47774603519936903,4.191335834636363,5.28274906190909,6.1563204863636365,0.0
1999-07-31,0.004380887133151212,0.004216867469879482,4.3,1.2791771507894738,3.384686963842105,5.2470865755789475,6.082001776052632,0.0
1999-08-31,0.0054688902885613455,0.002399520095980767,4.2,2.629032742090909,2.1785898600909093,5.3992274435,6.263761400818182,0.0
1999-09-30,0.005439144205636959,0.00418910831837227,4.2,2.1051353770952383,2.769039038190476,5.431649720619047,6.297147366857143,0.0
1999-10-31,0.00540971995866979,0.0017878426698449967,4.1,2.8057612012,2.02724773005,5.5853419306,6.49452080655,0.0
1999-11-30,0.0012093113624211949,0.0017846519928614857,4.1,2.2113134309999998,2.90571336725,5.64762699,6.3102673142,0.0
1999-12-31,0.001207850694851853,0.002375296912114022,4.0,3.0081092250454544,2.1273331670454545,5.896600740409091,6.538049368227274,0.0
2000-01-31,0.0012063935515622681,0.002962085308056972,4.0,4.80410939465,0.3367946168,6.1462980913,6.7677359844,0.0
2000-02-29,0.006070959377117546,0.0041346721795627595,4.1,5.24541765825,0.11572591700000001,6.2978244740000004,6.59682325725,0.0
2000-03-31,0.006034325233755133,0.00588235294117645,4.0,4.857765858956522,0.821958915304348,6.318598576739131,6.395448655217391,0.0
2000-04-30,0.0059981305631424675,-0.0005847953216373547,3.8,5.001746358368421,0.6148327611578948,6.277444796368421,6.1579532941578945,0.0
2000-05-31,0.0003397752878535609,0.0017554125219425565,4.0,5.487681750590909,0.1562598189090909,6.692184592681818,6.547722433454546,0.0
2000-06-30,0.00033965987982020884,0.005841121495327117,4.0,5.339604782363637,0.2399289225909091,6.477692173363637,6.220471900863637,0.0
2000-07-31,0.0003395445501590544,0.0029036004645761615,4.0,5.14756523395,0.86719883835,6.3683116878,6.1352200258,0.0
2000-08-31,0.001990129309272115,0.0,4.1,5.116256069695653,1.0709542874782607,6.331840744521739,5.955920619608696,0.0
2000-09-30,0.001986176561084685,0.005211349160393786,3.9,4.380316252449999,1.8480221956,6.2009563192999995,5.98593786785,0.0
2000-10-31,0.001982239483484083,0.001728110599078514,3.9,4.3398550989523805,1.9500304826666666,6.171499139380953,5.888724697095238,0.0
2000-11-30,-0.0010926626921338167,0.0017251293847038163,3.9,4.364218236095239,2.093232876857143,6.13796385804762,5.826641214095238,0.0
2000-12-31,-0.0010938579098626056,0.0022962112514350874,3.9,3.35545339505,2.9352508845500003,5.66504511675,5.41290054175,0.0
2001-01-31,-0.00109505574525115,0.00572737686139746,4.2,3.7747899272380954,1.816153328857143,4.961435891095238,5.379625329809524,1.0
2001-02-28,0.002081676434146029,0.002277904328018332,4.2,3.9309935554736843,1.3726758308947369,4.75646578668421,5.350810812842106,1.0
2001-03-31,0.0020773520593186934,0.0005681818181817455,4.3,3.585468795363637,1.2209391929545454,4.383390372545454,5.195505353545455,1.0
2001-04-30,0.0020730456137441067,0.0017035775127769437,4.4,3.4524300842000004,0.8521994858499999,4.08987584885,5.4408014364,1.0
2001-05-31,-0.0013354639843968785,0.005102040816326481,4.3,3.9269912968181817,0.15382994163636365,3.940083178590909,5.646620795227273,1.0
2001-06-30,-0.001337249833387566,0.002256063169768563,4.5,3.865583132809524,0.05291483180952381,3.752456725380952,5.559621992952381,1.0
2001-07-31,-0.0013390404650261978,-0.0016882386043892694,4.6,3.824440311095238,0.28665635276190476,3.6782276423809526,5.496734588238096,1.0
2001-08-31,0.0009159181595301824,0.0,4.9,3.524192188173913,0.3634508263913043,3.437116118869565,5.302608616608695,1.0
2001-09-30,0.000915080021121506,0.003945885005636862,5.0,2.689825422529412,0.2730900302352941,2.7938411764705884,5.1545588235294115,1.0
2001-10-31,0.0009142434152378254,-0.0028074115665356336,5.3,2.5673405217272727,-0.03145236022727273,2.2953045454545453,4.973677272727273,0.0
2001-11-30,0.0027878621881078924,-0.0005630630630630851,5.5,2.76914527435,-0.61649003115,2.173005,5.053865,0.0
2001-12-31,0.002780111620043879,-0.0005633802816901179,5.7,3.5424290914,-1.3606952737,2.17788,5.526835,0.0
2002-01-31,0.0027724040273917616,0.0016910935738443378,5.7,3.614666369761905,-1.3507393442380953,2.102952380952381,5.445509523809524,0.0
2002-02-28,0.0020423552800192812,0.0016882386043894915,5.7,3.346021897526316,-1.259252969894737,2.1788263157894736,5.356021052631578,0.0
2002-03-31,0.0020381925666692613,0.002808988764045006,5.7,3.8828300597000003,-1.96580975175,2.59315,5.706505,0.0
2002-04-30,0.002034046787626309,0.004481792717086819,5.9,3.934784804772727,-1.982349094181818,2.4557363636363636,5.595672727272727,0.0
2002-05-31,0.0013550381001168343,0.001115448968209698,5.8,3.4706706711818183,-1.3857408185,2.3392227272727273,5.517059090909091,0.0
2002-06-30,0.0013532044565212065,0.0005571030640667551,5.8,3.0201614065499998,-0.8621312696000001,2.1567,5.28404,0.0
2002-07-31,0.0013513757688083938,0.00222717149220486,5.8,2.4905142851818183,-0.09194510395454546,1.8437045454545455,5.044145454545454,0.0
2002-08-31,0.0004120168418397796,0.002777777777777768,5.7,1.2301030394545456,0.8501811696363636,1.6738863636363635,4.686963636363636,0.0
2002-09-30,0.00041184715387609927,0.0016620498614958734,5.7,0.5414214915016954,1.2994792375,1.69035,4.299335,0.0
2002-10-31,0.000411677605625993,0.0022123893805308104,5.7,0.35921179484614163,1.356756863590909,1.6217136363636364,4.403486363636364,0.0
2002-11-30,0.0017554732860169953,0.0016556291390728006,5.9,0.8194641205789474,1.486703500894737,1.4717105263157895,4.475078947368421,0.0
2002-12-31,0.0017523969998969324,0.0016528925619836432,6.0,0.809473391047619,0.6151556216190477,1.3838666666666666,4.4626761904761905,0.0
2003-01-31,0.001749331476665672,0.004400440044004306,5.8,1.0076955677142858,0.468206686,1.3092761904761905,4.457514285714286,0.0
2003-02-28,0.002952072242905057,0.005476451259583737,5.9,1.0700787249473684,0.4333680276842105,1.2461315789473684,4.2870526315789474,0.0
2003-03-31,0.002943383163168667,0.0016339869281045694,5.9,0.7831652880952381,0.6640805389047619,1.216861904761905,4.184290476190476,0.0
2003-04-30,0.0029347450839005695,-0.0038064165307233333,6.0,1.2469079839523811,0.2020658772857143,1.2297333333333333,4.314042857142857,0.0
2003-05-31,0.005543999856570281,-0.0016375545851528006,6.1,0.7936138256190477,0.5067414952857143,1.1431285714285715,3.877614285714286,0.0
2003-06-30,0.005513433382687394,0.0010934937124111865,6.3,0.7209307061428571,0.3577228790952381,0.997004761904762,3.63467619047619,0.0
2003-07-31,0.005483202113112817,0.003276897870016393,6.2,1.4635384912272726,-0.36288563627272724,1.0931863636363637,4.2960863636363635,0.0
2003-08-31,0.0038690713272544475,0.004354926510615087,6.1,1.314296956238095,-0.057513574714285705,1.2767095238095238,4.822285714285714,0.0
2003-09-30,0.0038541593099774563,0.003252032520325132,6.1,1.3357095625714286,-0.02782647423809524,1.176847619047619,4.618242857142857,0.0
2003-10-31,0.0038393617979595174,-0.0010804970286331095,6.0,1.2046514303636364,-0.0034135859545454546,1.2164954545454545,4.616040909090909,0.0
2003-11-30,0.0018888381798563003,0.0005408328826392861,5.8,1.3936690189999998,-0.21381957666666665,1.3213166666666667,4.607166666666667,0.0
2003-12-31,0.001885277196308488,0.002702702702702675,5.7,1.5735485503181819,-0.42815269690909097,1.2943318181818182,4.562440909090909,0.0
2004-01-31,0.0018817296143767148,0.004312668463611891,5.7,1.40198891005,-0.22072899120000003,1.20561,4.43038,0.0
2004-02-29,0.0025831744124737988,0.0021470746108425143,5.6,1.3774153451052633,-0.18031752997664752,1.2005631578947369,4.36451052631579,0.0
2004-03-31,0.0025765188149977636,0.002142474558114671,5.8,0.8339913173913043,0.3878610448260869,1.1432391304347826,4.099969565217392,0.0
2004-04-30,0.002569897425926948,0.0016034206306787535,5.6,1.6263953523333334,-0.4780836472857143,1.4466428571428571,4.641642857142857,0.0
2004-05-31,0.0031619796293103075,0.004268943436499306,5.6,2.45220778915,-1.4553216031,1.7870899999999998,5.01377,0.0
2004-06-30,0.0031520130283233527,0.0037194473963868546,5.6,2.492366351285714,-1.2548639613809525,2.0776190476190477,5.007795238095238,0.0
2004-07-31,0.003142109059631082,0.001058761249338236,5.5,2.167307368047619,-0.7197080322857142,2.0478380952380952,4.756819047619048,0.0
2004-08-31,0.003400693762069862,0.0005288207297726721,5.4,1.8237261054114418,-0.3414397318636364,2.005154545454545,4.545159090909091,0.0
2004-09-30,0.003389168238781659,0.003171247357294016,5.4,2.610170678711012e-05,1.6415907747142857,2.1187285714285715,4.364938095238095,0.0
2004-10-31,0.003377720575487686,0.005268703898840821,5.5,2.013043663022464e-05,1.7942626458,2.21982,4.332665,0.0
2004-11-30,0.003697877847319342,0.004716981132075304,5.4,0.22509835644521625,1.2893415869,2.5188949999999997,4.40411,0.0
2004-12-31,0.0036842539263413077,0.0,5.4,1.671446874818367e-05,2.158645552909091,2.700277272727273,4.415177272727273,0.0
2005-01-31,0.0036707300248346453,-0.0005216484089722861,5.3,1.8150813310771426e-05,2.31867861895,2.9068750000000003,4.36697,0.0
2005-02-28,0.0016420815160358426,0.0041753653444676075,5.4,0.061599197606536406,2.3709300091578944,3.0787789473684213,4.2784,0.0
2005-03-31,0.0016393895048321117,0.0036382536382535413,5.2,1.0302024311306829e-05,2.6077267746818182,3.3624727272727273,4.611222727272727,0.0
2005-04-30,0.001636706305692348,0.0031071983428274663,5.2,0.010421962727941722,2.7063449192857143,3.370285714285714,4.445790476190476,0.0
2005-05-31,0.002612713448357562,-0.0005162622612286949,5.1,1.437429572468555e-05,2.7536408396190475,3.398638095238095,4.237038095238096,0.0
2005-06-30,0.0026059049654092448,0.0005165289256197081,5.0,2.2602401974813497e-05,2.9410519766363636,3.458109090909091,4.0758,0.0
2005-07-31,0.002599131874751137,0.006195147134744561,5.0,0.2149223485941993,2.99148836685,3.7127600000000003,4.241525,0.0
2005-08-31,0.0018517217988391899,0.0061570035915854415,4.9,0.253314069135553,3.2003305580869563,3.896817391304348,4.323382608695652,0.0
2005-09-30,0.0018482992628034989,0.013768485466598701,5.0,0.42958918596426765,3.1148912032857146,3.8647666666666667,4.275738095238095,0.0
2005-10-31,0.0018448893551683554,0.0015090543259557165,5.0,0.31569847856788236,3.5954552428,4.1943649999999995,4.5407150000000005,0.0
2005-11-30,0.004484612561624912,-0.0050226017076845375,5.0,2.0077510858084073,1.6144685222,4.379379999999999,4.63858,0.0
2005-12-31,0.004464590602526242,0.0,4.9,0.039086691121345135,4.164229230619047,4.368852380952381,4.548228571428571,0.0
2006-01-31,0.004444746628498031,0.006057546693589266,4.7,2.714699380093738e-06,4.5260242093,4.4397649999999995,4.474465,0.0
2006-02-28,0.000862509211651874,0.0005017561465128217,4.8,1.934192952271983e-05,4.671467685210526,4.672063157894737,4.614642105263158,0.0
2006-03-31,0.0008617659305982794,0.0015045135406217547,4.7,0.001312440729343457,4.782552525043478,4.7586,4.782986956521739,0.0
2006-04-30,0.0008610239295105959,0.005007511266900355,4.7,0.0034698901343161114,4.902240899947368,4.894484210526316,5.040736842105264,0.0
2006-05-31,0.0004998530854385397,0.002989536621823774,4.6,6.424956796651608e-06,4.972018941545454,4.965068181818181,5.156563636363637,0.0
2006-06-30,0.0004996033571589287,0.0024838549428713996,4.6,0.13379552936508232,5.018021135409091,5.143440909090909,5.138918181818182,0.0
2006-07-31,0.0004993538782849249,0.005450941526263575,4.7,0.5275007212770778,4.8025174894,5.195385,5.10426,0.0
2006-08-31,0.0028648326687064074,0.004435682602267121,4.7,0.6678982846246099,4.645234921434783,5.033399999999999,4.905504347826087,0.0
2006-09-30,0.002856648847764154,-0.004906771344455385,4.5,1.9856255878501874,3.2909460367500003,4.921785,4.763285,0.0
2006-10-31,0.0028485116502408037,-0.004437869822485285,4.4,1.297483760106933,3.9638750929523807,4.9376428571428574,4.761733333333333,0.0
2006-11-30,0.0010027855556855592,0.0004952947003467045,4.5,1.4003168572417732,3.874516618857143,4.90367619047619,4.622090476190476,0.0
2006-12-31,0.0010017809841844638,0.00544554455445545,4.4,1.875154178256118,3.42820717405,4.85816,4.59835,0.0
2007-01-31,0.0010007784233907469,0.001659281142294633,4.6,0.33309060902974796,4.919734521523809,4.988295238095238,4.7871,0.0
2007-02-28,0.0020392065266487958,0.003878350545869269,4.5,0.32646009981059226,4.922951741105263,4.967321052631578,4.758273684210526,0.0
2007-03-31,0.002035056625895093,0.005200121434097538,4.4,2.155229112681818,3.1151640888181817,4.806831818181818,4.621745454545454,0.0
2007-04-30,0.0020309235814042204,0.003000662483924943,4.5,1.9822683163809522,3.3489251456190474,4.885695238095238,4.747828571428571,0.0
2007-05-31,0.0019200859865373676,0.004132994016629032,4.4,0.4144906140055051,4.790569905181818,4.912318181818182,4.783627272727273,0.0
2007-06-30,0.0019164063216148275,0.0023167517109623503,4.6,9.709262891589679e-06,4.989904171952381,4.9727,5.139228571428571,0.0
2007-07-31,0.001912740733182039,0.0017805958481715844,4.7,2.126070622534048,3.054612255190476,4.903190476190476,5.056785714285714,0.0
2007-08-31,0.0020941224393755675,0.00030828070885302594,4.6,2.2006176519779483,2.541584750782609,4.4286,4.7984478260869565,0.0
2007-09-30,0.0020897462548503665,0.0042375533907650365,4.7,3.665161242631579,0.749586181368421,4.131021052631579,4.6461578947368425,0.0
2007-10-31,0.0020853883224138947,0.0030832378312801723,4.7,4.350842707636364,0.05907425640909091,4.073881818181818,4.652159090909091,1.0
2007-11-30,-0.0014225477363315475,0.007858884267890387,4.7,4.0412263052999995,-0.26887002655000003,3.4307499999999997,4.3456,1.0
2007-12-31,-0.0014245742612222223,0.002898014551732553,5.0,3.7716254313,-0.06863905659999998,3.2321599999999995,4.3410899999999994,1.0
2008-01-31,-0.0014266065682200235,0.003447705076970342,5.0,0.4172990006021514,3.065530460666667,2.5964761904761904,4.0061,1.0
2008-02-29,0.001984760872709712,0.0024178268779397882,4.9,0.10036279209939394,2.4136734694,1.923535,4.065939999999999,1.0
2008-03-31,0.0019808294000212,0.003578027806118822,5.1,0.35147912516882135,1.3705897327619048,1.515845,3.86755,1.0
2008-04-30,0.001976913471695152,0.002314381020201539,5.0,0.44816672160882703,1.1602342313636365,1.7812318150000002,3.9971090977272725,1.0
2008-05-31,-0.0017508601683896563,0.0059174916566171465,5.4,2.9367983391083644e-05,1.7443529401428572,2.0680237998095237,4.183399978,1.0
2008-06-30,-0.001753931056414415,0.0104782350098509,5.6,0.06650233318458935,1.9929783029047619,2.4048333395714288,4.388576235142857,1.0
2008-07-31,-0.0017570127356179022,0.007141444751521009,5.8,0.02097423471001357,1.9390126184545453,2.2512591101363637,4.277854572727272,1.0
2008-08-31,-0.007296755317660386,-0.0014884757278006422,6.1,0.6755554427919497,1.2451184152857142,2.1396380947142855,4.157228583380952,1.0
2008-09-30,-0.007350389309944583,0.0008550916822900323,6.1,2.4787508078571427,-0.6521901456666667,1.8884238118095236,4.000676177809524,1.0
2008-10-31,-0.007404817602089109,-0.008598436564828615,6.5,1.6363674052272728,0.13498972418181818,1.4237727250909091,4.444709062499999,1.0
2008-11-30,-0.0037829143249411556,-0.017705477084725474,6.8,1.3846149883333334,0.169441621,1.0094666581111111,4.241294423833334,1.0
2008-12-31,-0.003797279106468543,-0.008233522399403226,7.3,0.0956128239168247,0.6244554752272727,0.4878454519545455,3.0552090948636366,1.0
2009-01-31,-0.0038117533980058793,0.0025307713412614508,7.8,1.2665751088346547e-07,0.47355385775,0.45973000094999994,3.18822501895,1.0
2009-02-28,-0.000595503168783651,0.003642660652187324,8.3,0.8762234684736842,-0.28863518284210526,0.6469315824736842,3.5294263238421055,1.0
2009-03-31,-0.0005958580041133255,-0.000987282856538485,8.7,1.1152432092272726,-0.5602821391818181,0.6651454568181818,3.374100002409091,1.0
2009-04-30,-0.0005962132625579875,0.0010070825195886979,9.0,0.39212184169540054,-0.0423185968095238,0.5816999957619048,3.382961897619048,1.0
2009-05-31,0.0011706413172500874,0.0014714939189219844,9.4,2.0688077526499997,-1.84195237395,0.5238249986500001,3.7822399973000005,1.0
2009-06-30,0.00116927251852883,0.008299612246622345,9.5,3.2026626370454547,-3.1832587680454547,0.5894590845909091,4.22523181,1.0
2009-07-31,0.0011679069170664746,-0.00029796545463012247,9.5,3.577383516590909,-3.5083136332727274,0.5086363635454545,4.038400053954546,0.0
2009-08-31,0.003603045502728497,0.0033484533777929926,9.6,3.5444711894761904,-3.605268652047619,0.5246761923333333,4.034519025333334,0.0
2009-09-30,0.0035901101724176154,0.0019308872334005134,9.8,3.8134792265238096,-3.8375084922380953,0.42962857242857144,3.826223804714286,0.0
2009-10-31,0.003577267388377159,0.003001931798703783,10.0,3.6529948010952378,-3.7548538151904762,0.4134047613809524,3.7754714261428575,0.0
2009-11-30,0.0016150031685620014,0.0033485905897676638,9.9,4.153114963263158,-4.181506542684211,0.3325631572105263,3.795642124947368,0.0
2009-12-31,0.001612399138843923,0.0005201763996427466,9.9,4.418784948363636,-4.338782480545455,0.4031818185,3.9481500386363635,0.0
2010-01-31,0.0016098034930778216,0.0006487322116246474,9.8,4.629516765894738,-4.684016707631579,0.3863263146842105,4.066852644894737,0.0
2010-02-28,0.0032252870610414153,-0.0009517766497462166,9.8,4.700002401473685,-4.676839087947369,0.3609578955263158,4.0264210198947366,0.0
2010-03-31,0.003214918027524938,0.00033136813619227823,9.9,4.457564295565217,-4.437480404782609,0.429386959173913,4.024169569565218,0.0
2010-04-30,0.003204615451538384,0.00023004053314190642,9.9,3.9674996096363633,-3.9109461818181814,0.48430454599999995,4.100518183181818,0.0
2010-05-31,0.0025702831201577236,-0.0005197720362644098,9.6,4.34295149435,-4.1078896261499995,0.42415000054999996,3.70089495195,0.0
2010-06-30,0.002563693701511438,-0.00041879515854381655,9.4,3.7090795328636363,-3.3835550332727276,0.3828909086363636,3.4891591071818184,0.0
2010-07-31,0.0025571379829707475,0.0018692535416828804,9.4,4.1128449173809525,-3.779335110380952,0.3370238116190476,3.2729476065714285,0.0
2010-08-31,0.001750367536089481,0.0014613634796996067,9.5,4.374739500136363,-4.026710127818181,0.3028772704090909,2.904249993227273,0.0
2010-09-30,0.0017473091029602816,0.001615249422961318,9.5,4.3493672016666665,-3.9729706814761907,0.2960809483333333,2.8676857267619047,0.0
2010-10-31,0.001744261339244213,0.00348184629481163,9.4,4.61761792015,-4.19428925035,0.24908500015,2.7489800096,0.0
2010-11-30,-0.0007906829903633339,0.0025338416234848005,9.8,4.59027487305,-4.24755386065,0.28393999855,2.9563349961500003,0.0
2010-12-31,-0.0007913086646647027,0.004016576346828282,9.3,3.7920155675,-3.4092873557727272,0.3268727253636364,3.5445182106818183,0.0
2011-01-31,-0.0007919353299531418,0.003243042200370194,9.1,3.27215074925,-2.88468229695,0.30110499859999995,3.6318150162499996,0.0
2011-02-28,0.002255274310478894,0.00321447463006419,9.0,2.790133343368421,-2.529449931105263,0.3329789482105263,3.7977947435263157,0.0
2011-03-31,0.0022501994933681324,0.0051735482068338,9.0,3.0313943411304347,-2.7700818479565217,0.2915391326956522,3.6396217346086956,0.0
2011-04-30,0.0022451474636826507,0.0046940989750992035,9.1,2.5425146112,-2.34767951305,0.2853950023,3.6852350116499997,0.0
2011-05-31,-7.437578639035713e-05,0.003181714734507679,9.0,4.765992088857143,-4.609571385,0.21397142900000002,3.387476205904762,0.0
2011-06-30,-7.438131855963537e-05,0.0,9.1,4.906641259318182,-4.646411040227273,0.2068000009090909,3.2171590762272726,0.0
2011-07-31,-7.438685155158886e-05,0.0026200368317570444,9.0,4.79304989025,-4.508719487,0.21525,3.2290350028,0.0
2011-08-31,0.0037434968558600623,0.003154462166418792,9.0,4.366345136652174,-4.068647229173913,0.14679130482608696,2.4655782447826087,0.0
2011-09-30,0.0037295353519957164,0.0021715478580843772,9.0,3.788988954761905,-3.562363379904762,0.13800476104761905,2.1127333470000003,0.0
2011-10-31,0.0037156776010263126,0.0006752075270193281,8.8,3.3291460162,-3.1195442712999997,0.16809500085,2.2947699844500002,0.0
2011-11-30,0.0027953027332388025,0.0018478500551268873,8.6,2.94827628735,-2.72516828875,0.1542400003,2.12417999505,0.0
2011-12-31,0.0027875107966899293,0.00023770849015480877,8.5,2.8541187472857144,-2.637425052142857,0.15642857200000002,2.0791571594761904,0.0
2012-01-31,0.0027797621796021854,0.0027241960540966836,8.3,2.7249944209,-2.5073353834,0.1469550014,2.0593849957500003,0.0
2012-02-29,0.0014877824872177037,0.002137446124946152,8.3,2.50333948115,-2.230195799,0.1984750003,2.0496450125,0.0
2012-03-31,0.0014855722787978642,0.002093470387029228,8.2,2.804983593909091,-2.5704028032272728,0.23055454559090907,2.277136358363636,0.0
2012-04-30,0.0014833686274855484,0.0016607883500068255,8.2,2.6148478799047616,-2.335634929428571,0.22310476285714284,2.1373476074761903,0.0
2012-05-31,0.0004800933244097916,-0.002068180132381081,8.2,2.5487782641363634,-2.265591857681818,0.22649999986363636,1.8510454459999999,0.0
2012-06-30,0.0004798629454130232,-0.0008263631713106845,8.2,1.8631867177619046,-1.6226202585238094,0.23536190395238096,1.6563904626190475,0.0
2012-07-31,0.0004796327874110329,0.0002888099280600187,8.2,1.192514562809524,-0.930345438952381,0.2159476173809524,1.555395251285714,0.0
2012-08-31,0.0003854685125346258,0.00580952797585188,8.1,2.1638084065652174,-1.893330955,0.21346521821739128,1.7378869573043476,0.0
2012-09-30,0.0003853199838133037,0.004771266277542319,7.8,1.5220866654210525,-1.229683913,0.2066842097894737,1.7647684309999998,0.0
2012-10-31,0.0003851715695106783,0.0026967945804385884,7.8,1.5496224765238096,-1.2669377414761904,0.2225428585238095,1.7797714301904763,0.0
2012-11-30,0.0032885355462126675,-0.0016793444944266378,7.7,1.7771038131499999,-1.4989348895999999,0.21839999715,1.6811850011499998,0.0
2012-12-31,0.0032777565273609532,-0.00012108160467716456,7.9,1.831873855,-1.57555147335,0.20209500045,1.7503550111500001,0.0
2013-01-31,0.0032670479396512686,0.001980788942180789,8.0,2.3977973448571426,-2.162511670809524,0.1848333328095238,1.9652904670476192,0.0
2013-02-28,0.0008921211160430875,0.005429926752100966,7.7,2.528853615526316,-2.2833726438421054,0.18761052657894736,2.048336832263158,0.0
2013-03-31,0.000891325945346022,-0.0028119191025899326,7.5,2.37790162885,-2.1357321526,0.18302000015,2.0214900017,0.0
2013-04-30,0.0008905321908989627,-0.002087979266581219,7.6,1.8096118736818183,-1.5963099257272726,0.1663636368181818,1.7905636375454543,0.0
2013-05-31,0.0028379785636147847,0.00041415548950163306,7.5,2.5221475156363637,-2.3525973601363637,0.1543681825,1.9861408851818183,0.0
2013-06-30,0.002829947234028074,0.002380408205508555,7.5,2.0299156697157295,-1.84732737585,0.1707299992,2.4067449809,0.0
2013-07-31,0.002821961232643444,0.001957452300544338,7.3,2.1298537404545455,-1.8903774942727274,0.15019545368181816,2.7140636335,0.0
2013-08-31,0.0029058058447575252,0.0023872906826962748,7.2,3.5426289061363634,-3.2828693282272727,0.1482181820909091,2.8984909057727273,0.0
2013-09-30,0.002897386601835361,0.00037694469193350066,7.2,3.581047055,-3.397933635,0.14694500045,2.95414997335,0.0
2013-10-31,0.0028890160055685676,0.000535231048539142,7.2,4.2567959788181815,-4.024584378227273,0.15889090981818182,2.7542408814545456,0.0
2013-11-30,-0.0011503199509492745,0.0018444894273523804,6.9,4.434119304210526,-4.120486325210527,0.14956315973684212,2.8776842166842105,0.0
2013-12-31,-0.001151644710836397,0.0026441691584793148,6.7,4.473476969380952,-4.100307124333334,0.1596142848095238,3.0730333441904762,0.0
2014-01-31,-0.0011529725255473577,0.0024241752904536895,6.6,4.199278080142856,-3.898447055952381,0.14489047542857142,3.0064047744761906,0.0
2014-02-28,0.004306140430710981,0.0011007786202441583,6.7,4.142152422578948,-3.7913013719473683,0.1318368424736842,2.8530263148421056,0.0
2014-03-31,0.004287677091035391,0.00204205530106516,6.7,4.015353413666666,-3.6481301227619047,0.13551428590476192,2.852161907,0.0
2014-04-30,0.004269371405068778,0.0018641856050976013,6.2,4.094442214666667,-3.7048675271904763,0.10657619033333333,2.8267857232380953,0.0
2014-05-31,0.004051304697722635,0.0019030059035471947,6.3,4.067709409428572,-3.6881207874761905,0.09481428566666666,2.6597047532857143,0.0
2014-06-30,0.004034957854013532,0.001321132206079767,6.1,4.094693179380952,-3.717381891428571,0.12474761928571428,2.7071333272857143,0.0
2014-07-31,0.004018742397812192,0.001125485286492811,6.2,3.995154689409091,-3.5557963432727275,0.12966818254545454,2.638777288545455,0.0
2014-08-31,0.0016857771207068328,-0.00016000134737970129,6.1,3.9029059049047623,-3.4983575102857145,0.12760476233333332,2.516490470714286,0.0
2014-09-30,0.0016829400588602716,7.159100480080838e-05,5.9,3.873053117952381,-3.473960122904762,0.14003809438095238,2.6340190456190475,0.0
2014-10-31,0.0016801125301795228,-0.00019791390324119806,5.7,3.687513546227273,-3.3064682098636364,0.12593636395454547,2.401522734,0.0
2014-11-30,0.003001616591885581,-0.0018826601524659647,5.8,3.6903243693888887,-3.3557171838333333,0.16323333394444445,2.425705538888889,0.0
2014-12-31,0.0029926338524608465,-0.0030846094445592387,5.6,3.822692789909091,-3.455748353772727,0.2619727268181818,2.2807272998636363,0.0
2015-01-31,0.002983704716719604,-0.0063703164417655556,5.7,3.0645643231,-2.8366044504000003,0.22247000114999999,1.9516550005500002,0.0
2015-02-28,0.0020646836225295395,0.0025346436802173855,5.5,3.105480118736842,-2.9118056255789475,0.2512421067368421,2.0690999910526315,0.0
2015-03-31,0.002060429487511284,0.0026939517808124425,5.4,3.2727742598181817,-3.0678960712272727,0.30375454513636363,2.1284863840454546,0.0
2015-04-30,0.002056192847137206,0.0010424788961589382,5.4,3.3534250671818184,-3.186508430590909,0.2675772729545454,2.018054544909091,0.0
2015-05-31,0.0013341502041761544,0.003297745341246827,5.6,3.96457130475,-3.85258350815,0.28845000130000004,2.3062450052,0.0
2015-06-30,0.0013323726189744534,0.0027679208104607333,5.3,5.164440780545455,-5.012689227545454,0.3350727246363636,2.471886374590909,0.0
2015-07-31,0.0013305997642816259,0.0015863197801873063,5.2,5.948591505045456,-5.796886726909091,0.3281227255909091,2.4076909260000003,0.0
2015-08-31,0.0006149304215454787,-4.20108051790713e-06,5.1,5.254235397380952,-5.032347173333333,0.40651904690476187,2.2417761825238096,0.0
2015-09-30,0.0006145525145087039,-0.002247587519377592,5.0,5.032200097238095,-4.851508156761905,0.4215857145238095,2.2584333192857144,0.0
2015-10-31,0.0006141750716739391,0.0009894820166906904,5.0,5.887115384238095,-5.757925750809524,0.3657285699047619,2.1473190444285715,0.0
2015-11-30,0.0019317313534832348,0.0011946174910508756,5.1,5.333049216578948,-4.98194191763158,0.5886315797368421,2.3638105392105264,0.0
2015-12-31,0.0019280069619853624,-0.0010755534268560574,5.0,6.8768770029545445,-6.3489186688181825,0.748145453,2.3366500029545456,0.0
2016-01-31,0.0019242969041570746,-0.0004584435630738959,4.8,8.682706515105263,-8.200106191105263,0.7058578917368421,2.1718210420526316,0.0
2016-02-29,0.001070413561460315,-0.0013296753235823022,4.9,9.849640618550001,-9.33322181625,0.6064150036,1.8674349964,0.0
2016-03-31,0.0010692690014204587,0.0031347962382444194,5.0,9.374532046045454,-8.868331596454546,0.6791545423181818,1.9756545587272727,0.0
2016-04-30,0.0010681268864511928,0.0038306451612901693,5.1,9.747549214,-9.340024222285715,0.5786285654761905,1.8674238182380953,0.0
2016-05-31,0.0023646341835954487,0.0023640958693178504,4.8,7.751915364666667,-7.292265533190475,0.6268428535714285,1.874328584904762,0.0
2016-06-30,0.0023590558794217564,0.002775957287827202,4.9,8.123069935045454,-7.5957760383636375,0.6002454513636364,1.6975909200909092,0.0
2016-07-31,0.002353503832368986,-0.0005037007434789409,4.8,7.738510332,-7.22596095765,0.56885999145,1.5410149992000002,0.0
2016-08-31,0.0018476637091615622,0.0018492217858316895,4.9,6.425217494043478,-5.909943603913044,0.6122869563478262,1.602486968,0.0
2016-09-30,0.001844256144013734,0.0026232097944252075,5.0,4.471944818190476,-3.878654354952381,0.6609190475714286,1.6829666636666667,0.0
2016-10-31,0.0018408611245745998,0.0023426874979268764,4.9,4.2725656174,-3.74842638495,0.6934449969,1.81384499075,0.0
2016-11-30,0.0016229673668060052,0.0011789477167711837,4.7,5.2919998086,-4.66695212295,0.7767650008,2.22298998825,0.0
2016-12-31,0.0016203376117387425,0.002524522158776188,4.7,6.2885974454761895,-5.649870255619048,0.9000285722380952,2.5943142799523806,0.0
2017-01-31,0.0016177163650674675,0.004043076694815628,4.7,5.52262584115,-4.9916811033,0.8712950021499999,2.5080199957,0.0
2017-02-28,0.0018662418743704556,0.0015926573570097524,4.6,5.385053511526316,-4.823401737736842,0.8811999999473684,2.497078970789474,0.0
2017-03-31,0.0018627655033858215,-0.00046720162618951733,4.4,4.873048159,-3.908987935478261,1.056695650521739,2.5529260843043478,0.0
2017-04-30,0.001859302059648904,0.001234152821740775,4.4,5.011983554210526,-3.9793367697368422,1.0694105186315788,2.3589947474210526,0.0
2017-05-31,0.002628413768515747,-0.0007739779600562935,4.4,4.669040672863637,-3.510766237363636,1.1522227309090909,2.369813648090909,0.0
2017-06-30,0.002621523320525343,0.0006516286618252209,4.3,4.266968820545454,-3.045844180181818,1.2243499972272727,2.2308000001363637,0.0
2017-07-31,0.0026146689050157157,0.0003276499715354486,4.3,4.59997080485,-3.36993163315,1.24183999315,2.3664799809,0.0
2017-08-31,0.0037568220892310045,0.0038486261632881824,4.4,4.400514821000001,-3.153399124043478,1.228313036521739,2.2567912805217394,0.0
2017-09-30,0.0037427612012750355,0.005106389920997767,4.3,4.44386621735,-3.1753006133,1.2727199912,2.2392400265,0.0
2017-10-31,0.0037288051739432504,0.0007750522450138408,4.2,4.740765444047619,-3.451300234809524,1.394509531142857,2.3857666652857143,0.0
2017-11-30,0.0027113660060607003,0.002668007428251684,4.2,4.676923698809524,-3.2698687946190472,1.5478428658571428,2.3804571627142854,0.0
2017-12-31,0.002704034379165998,0.0021068892447551058,4.1,4.72952597045,-3.2096519073499996,1.69676499355,2.4285700084,0.0
2018-01-31,0.002696742295287491,0.004253344363511546,4.0,4.513952077761904,-2.927653648761905,1.832785719952381,2.5975190571428572,0.0
2018-02-28,0.001769417136709972,0.0026922876006090224,4.1,5.014798610368421,-3.301666154736842,1.982499969631579,2.8904842076842105,0.0
2018-03-31,0.0017662918296779129,0.000192362410782021,4.0,4.646470560238096,-2.8218152994761905,2.0804333120000003,2.8568904853809522,0.0
2018-04-30,0.0017631775435886787,0.002604406656061986,4.0,3.6635317783333337,-1.8241275340476188,2.169609523952381,2.8639142854761905,0.0
2018-05-31,0.002078991417704845,0.002257949781598212,3.8,3.3019596091818184,-1.5181241719545455,2.281468153045455,2.9839454348636365,0.0
2018-06-30,0.0020746781795750735,0.0009011451720948305,4.0,3.2122712726666665,-1.6031251194761904,2.3356714134285714,2.9205476215714286,0.0
2018-07-31,0.002070382801553139,0.0007808204989283585,3.8,3.0529700336666665,-1.3410867609523809,2.395499990142857,2.8921285697142856,0.0
2018-08-31,0.0004721473970523693,0.0017873207703393845,3.8,3.139779856956522,-1.3945125907391305,2.4434173833043475,2.886969566347826,0.0
2018-09-30,0.00047192457909073227,0.002062281702117419,3.7,3.258516654631579,-1.4165086755789473,2.5629999763157896,2.9962947242631577,0.0
2018-10-31,0.00047170197133650227,0.002339580144498754,3.8,3.4780547666818182,-1.5072787774545455,2.6659818237727273,3.1498499999545455,0.0
2018-11-30,0.002081060274822022,-0.0007041919199911595,3.8,3.5578553799,-1.4932207394,2.71416499615,3.1186849950999997,0.0
2018-12-31,0.002076738456918026,0.0006848935445813442,3.9,4.9739914954210525,-2.4103050192105266,2.6540894633157897,2.824536825526316,0.0
2019-01-31,0.0020724345523837062,-0.0001938544192873204,4.0,9.331500210571429,-6.6942033086190476,2.565147604238095,2.7002047810476193,0.0
2019-02-28,0.0027838194690283924,0.002390015748779284,3.8,9.095161278736843,-6.510137137894737,2.5204210532631577,2.6691368378947367,0.0
2019-03-31,0.0027760913319307967,0.0034738396191409393,3.8,6.104608917285715,-3.4912762863333335,2.4727190335238096,2.5725666909523808,0.0
2019-04-30,0.0027684059840751285,0.003969284269990103,3.7,6.205976861333333,-3.6615524182380956,2.4002761612857144,2.538619041380952,0.0
2019-05-31,0.003900006188636951,0.0003095477859496043,3.6,4.9383998984090915,-2.3344580597727274,2.3267818365454542,2.409977284272727,0.0
2019-06-30,0.003884855229201234,-0.0005131419170355533,3.6,3.9246419828500003,-1.48716714725,2.0037649811000002,2.09069999455,0.0
2019-07-31,0.0038698215327832575,0.0020614597172743387,3.7,3.813376192363636,-1.5410168276363636,1.978468185090909,2.0637681755,0.0
2019-08-31,0.0022729262318805787,0.0014627373526019394,3.6,3.081377913,-0.8670621173181818,1.7745590968181817,1.6359681866818183,0.0
2019-09-30,0.002267771753972969,0.0017652181723744054,3.5,3.11678642795,-0.9983518393,1.8276800096999999,1.71443500515,0.0
2019-10-31,0.002262640601527588,0.0028575772578953718,3.6,1.1614260226788187,0.6460163646363637,1.6562409129545452,1.7148954435454546,0.0
2019-11-30,-0.004641470286139815,0.002173034162118226,3.6,0.024924992116974014,1.6526394307368422,1.6455842068947368,1.832894733,0.0
2019-12-31,-0.00466311399117092,0.0031535707497585275,3.6,0.8712281606258733,0.8123437593333334,1.6465571324761903,1.8917904808095238,0.0
2020-01-31,-0.004684960496007751,0.0016278961858509078,3.6,1.9042605149999998,-0.21189026576190478,1.577300015,1.7792237996666667,1.0
2020-02-29,-0.026363217459410393,0.0008145554496077345,3.5,2.722513787789474,-1.0335628940526316,1.4488157911578947,1.519863153736842,1.0
2020-03-31,-0.027077055768803926,-0.004335616861074976,4.4,3.098271736809022,-2.5370552485909093,0.510940908590909,0.9458500037272728,1.0
2020-04-30,-0.027830627213957015,-0.007872185461251346,14.8,1.2736783708934072,-1.062503128952381,0.21458095242857142,0.7243095267619047,1.0
2020-05-31,0.0261007502013606,-0.0008746856598409458,13.2,2.6105880745,-2.3773482532,0.1748250007,0.7108800023999999,1.0
2020-06-30,0.025436829859288856,0.0043694404927541175,11.0,2.7113251738636364,-2.4214688411818184,0.20141817986363633,0.7538500023181818,1.0
2020-07-31,0.024805847731038888,0.005027511226292525,10.2,2.557733303,-2.305325523590909,0.16392727472727273,0.6342136426818181,0.0
2020-08-31,0.003615751705384085,0.004386746064318325,8.4,2.530088676238095,-2.308777566047619,0.1494999996666667,0.6546190408571428,0.0
2020-09-30,0.0036027251457939613,0.00238231994788185,7.8,2.4852071431904763,-2.270364133857143,0.14335714352380952,0.6804952337619048,0.0
2020-10-31,0.003589792111485801,0.0009883512992781007,6.8,2.7985013973333333,-2.589175618904762,0.14129047661904762,0.7926190522857143,0.0
2020-11-30,0.00460062046304599,0.0020246959114205154,6.7,3.102719110947368,-2.917846272631579,0.13834210526315788,0.8783105263157894,0.0
2020-12-31,0.004579551683857597,0.004685349273234163,6.7,4.15260925590909,-3.950313330727273,0.1171409090909091,0.9412363636363636,0.0
2021-01-31,0.004558674996103074,0.0023470147117750084,6.4,6.181060093052632,-5.9687120442631585,0.10928421052631579,1.095442105263158,0.0
2021-02-28,0.005233482912747833,0.003761660003807288,6.2,5.968739049263157,-5.76393020631579,0.08651578947368421,1.298678947368421,0.0
2021-03-31,0.00520623616474003,0.004839969958807089,6.1,4.654424249565217,-4.393820550391304,0.08195217391304348,1.7122043478260869,0.0
2021-04-30,0.005179271653351192,0.006628566251689394,6.1,5.729970694272727,-5.494087053136363,0.07685,1.7288227272727275,0.0
2021-05-31,0.0028428313207338185,0.006652416844789455,5.8,6.34270687565,-6.1417166632499995,0.067185,1.7183199999999998,0.0
2021-06-30,0.0028347725405681867,0.007878738209831537,5.9,3.5313771976363637,-3.359159287136364,0.08917727272727273,1.6077818181818182,0.0
2021-07-31,0.002826759320866845,0.004453742067349387,5.4,2.588861668285714,-2.4698970623809524,0.09264761904761905,1.3798095238095238,0.0
2021-08-31,0.006010529703475154,0.004069707540365952,5.1,2.6246584435454547,-2.489516778636364,0.08707272727272727,1.3365954545454546,0.0
2021-09-30,0.005974619078039645,0.004243779088943578,4.7,2.603079312238095,-2.4201898203333334,0.09115714285714285,1.4241095238095238,0.0
2021-10-31,0.005939135008709462,0.009101259725283528,4.5,2.62028246055,-2.50131364705,0.14536,1.6411200000000001,0.0
2021-11-30,-0.0008581815585407826,0.007916187500452088,4.1,2.4067744222000003,-2.2448931387,0.20646499999999998,1.621885,0.0
2021-12-31,-0.0008589186667007365,0.007807370358543286,3.9,2.4126679177272727,-2.397446850318182,0.35929545454545453,1.5359636363636364,0.0
2022-01-31,-0.0008596570421813832,0.006094977695656922,4.0,2.53818127535,-2.54534545295,0.602125,1.850505,0.0
2022-02-28,0.0002339314777994872,0.007116090290482324,3.8,2.6904644715789474,-2.4945040358947366,1.0414315789473685,2.0097894736842106,0.0
2022-03-31,0.0002338767666620889,0.010055865921787532,3.6,2.9568923050869564,-2.873829324043478,1.4133434782608696,2.179491304347826,0.0
2022-04-30,0.00023382208110955816,0.003962125006957251,3.7,3.10993043305,-2.82346016505,1.9454,2.798135,0.0
2022-05-31,0.002244027335154941,0.009206163313248528,3.6,3.602510893952381,-3.019043531904762,2.0946666666666665,2.9698333333333333,0.0
2022-06-30,0.002239002951328839,0.011879094167570825,3.6,3.773553937809524,-2.516340874619048,2.6688238095238095,3.2209285714285714,0.0
2022-07-31,0.0022340010164596524,-0.00033929589316261666,3.5,3.81596244255,-2.92601825535,3.0197,2.968315,0.0
2022-08-31,0.0027594264151344916,0.002348724493259402,3.6,3.968639863478261,-1.0648525891304348,3.2031391304347827,2.9274521739130437,0.0
2022-09-30,0.002751832934644538,0.00412772585669785,3.5,4.107152315095238,-1.5452040759523809,3.863928571428571,3.5595523809523812,0.0
2022-10-31,0.002744281131445092,0.0048830002124511385,3.6,4.48629130565,-1.02429970525,4.424885,4.0375,0.0
2022-11-30,0.002306812643549483,0.0020504250185411355,3.6,0.7051894974270081,3.9334003810500002,4.680085,3.94066,0.0
2022-12-31,0.0023015035061622058,0.001312801827205723,3.5,8.209047424636155e-05,4.995146875571429,4.590847619047619,3.6055380952380953,0.0
2023-01-31,0.0022962187506567755,0.00517074149637109,3.4,0.04999256767710998,5.16107933085,4.619185,3.515125,0.0
2023-02-28,0.0020232462864140377,0.003700055900125232,3.6,1.1612350280195383,3.5815852768421053,4.905605263157895,3.7333421052631577,0.0
2023-03-31,0.002019161026365568,0.0005304195618733853,3.5,3.7636412940519883,0.9295189030869565,4.694652173913044,3.694017391304348,0.0
2023-04-30,0.00201509223066898,0.003677834914912914,3.4,4.2545928851,1.24387405735,4.56079,3.4850699999999994,0.0
2023-05-31,0.003571742624410401,0.0012412600109599214,3.7,3.1769085195454547,2.689011820909091,4.760540909090909,3.6085136363636363,0.0
2023-06-30,0.00355903068281882,0.0018035305676999958,3.6,0.9331335001074443,4.824664845285715,5.1461,3.7538238095238095,0.0
